Total,esl,nativeAmerican,black,latino,asian,white,female,attendance,povertyRate,teachers
261,52,1.2,29.9,60.2,6.1,2.7,45.2,90.4,89.4,23
338,37,0.9,21.3,58.9,12.4,6.5,52.1,91.5,61.5,29
610,181,0.3,7.5,65.2,24.8,2.1,52,93.6,92.5,48
420,38,0.2,21,71.7,5,2.1,50,88.8,76.8,35
202,7,0,19.3,64.8,8.9,6.9,41.1,90.5,63.9,21
478,23,1.5,14.2,55.2,14.4,14.6,52.5,93.5,58.2,38
367,37,1.1,22.1,56.7,19.1,1.1,54,91.5,77.8,32
242,34,0.8,31,59.1,8.7,0.4,47.1,91.1,78.1,25
450,58,0.4,17.6,75.6,4.2,2.2,44.9,91,79.9,39
450,39,0.2,19.6,73.6,4.2,2.4,50.4,91.1,81.4,44
573,0,0.5,5.6,3.8,82.9,7.2,47,99.1,72.2,32
414,51,0,31.9,65,2.4,0.7,48.1,89,89.6,38
211,13,1.9,20.8,59.7,10.9,6.6,39.3,89.2,62.8,16
163,12,4.3,20.2,31.9,8.6,35,45.4,93.1,37.3,16
279,15,0,29.4,61.6,6.1,2.9,45.9,90.6,73.8,22
279,6,0.7,17.2,63.8,15.4,2.9,51.2,94,86.6,24
258,18,3.9,11.6,31.8,13.2,39.5,51.9,92.2,44.1,21
274,2,1.8,21.9,28.1,16.4,31.8,45.6,92.7,36.7,21
331,11,1.2,12.4,39.6,13.3,33.5,42.6,93.4,44.3,23
588,42,0.3,19.6,53.2,22.4,4.4,49,84.8,71.5,39
543,0,0,17.5,17.1,10.7,54.7,68.7,93.8,15.9,38
364,20,0.6,14.3,44.5,25,15.7,48.1,95.5,60.3,25
567,201,0.4,11.1,16.2,70.6,1.8,45.7,95.4,81.6,43
726,278,1.1,5.4,8.4,83.6,1.5,46.6,96.4,89.6,59
585,34,1.4,12.3,17.3,8.9,60.2,44.8,94.1,6.6,41
798,22,2.3,5,9.4,8.2,75.2,47.6,94.3,2.4,50
511,26,1.8,20,37.6,12.1,28.6,50.5,94.5,61.3,46
336,47,1.5,25.9,50.3,14.3,8,49.1,94.2,83.5,29
546,17,0.7,8.6,13.7,12.6,64.3,48.7,95.1,9.7,41
742,23,1.9,4.8,10.8,10.1,72.4,48.9,95.5,10.6,52
736,158,0.1,2,5,92.3,0.5,48.8,97.6,88.1,53
334,49,1.5,12.6,57.5,15.9,12.6,47.9,94.1,65.6,24
460,63,1.3,8.3,18.3,17,55.2,48.9,95,21.3,31
356,0,0.3,4.2,14.3,15.7,65.4,52.8,95.7,8,18
512,29,1.6,6.8,11.7,16.6,63.3,49.6,94.7,10.6,35
1040,36,0.4,13.4,23,34.8,28.5,48.2,94.8,38.7,67
572,59,0.9,15.4,65.2,7.5,11,49.6,91.7,64.9,52
365,1,0,8,11.2,14.5,66.3,57.5,96.3,16.8,22
794,49,0.6,11.8,21.7,20.9,45,53.6,95,20.2,49
997,291,0.1,3.7,3.7,90.4,2.1,49,97.1,60.8,66
723,100,0,16,29.5,43.8,10.6,48.1,95.2,68.6,64
1074,238,0,1.7,4.9,90,3.4,47.9,97.7,65.7,64
817,150,0,7.1,12.8,78.5,1.6,45.2,96.7,87.4,63
181,0,1.7,13.8,12.2,9.9,62.4,52.5,94.8,10.5,12
731,37,2.2,5.6,17.6,10.3,64.3,47.5,94.3,21.5,51
1255,47,0.1,13.9,24.6,32.1,29.2,47.4,94.5,40.8,79
584,51,2,7.2,13.9,18.7,58.2,48.1,95.2,16,48
547,39,1.1,24,48.8,10.2,15.9,51.6,93.1,41.5,45
347,0,0.3,16.1,26.2,13,44.4,48.1,94.4,26,25
454,46,0.4,38.3,23.8,21.6,15.9,46.7,93.2,42.3,35
285,11,1.4,37.2,46.7,3.9,10.9,46.7,91.3,39.6,21
755,15,0.5,5.8,7.3,15.9,70.5,48.6,95.2,5.2,48
385,1,0.3,9.1,13.8,29.9,47,51.7,97,19.4,19
244,1,1.2,15.6,23.4,10.2,49.6,61.9,95.4,25,12
405,22,0.2,49.6,44.4,2,3.7,58.8,89.5,62.9,30
294,0,0,12.2,15,36,36.7,52,96.6,30.3,16
664,23,1.2,3.3,11.4,11.4,72.6,48,95.7,9.4,45
343,23,0.6,25.7,57.1,6.1,10.5,47.8,82.1,74.6,25
376,22,0.3,36.4,56.1,4,3.2,70,80.1,74.5,30
410,4,0.2,26.1,35.1,31.2,7.3,50,91.9,74,26
389,42,0,24.4,64.8,5.4,5.4,28.8,85.1,68.8,23
320,42,0.3,32.5,62.2,3.1,1.9,46.6,81.4,71.4,30
253,4,0.4,43.9,44.7,3.6,7.5,55.7,81.1,61.9,20
241,8,0,33.6,54.4,5,7,60.6,85.9,64.4,17
580,6,0.9,4.8,8.4,46,39.8,47.1,97.6,12.6,37
292,16,0.7,38.7,56.8,2.7,1,100,83.2,60.3,15
199,0,0.5,21.6,44.7,5,28.1,54.8,89.1,76.3,39
1460,60,0.3,21.6,48.6,16.8,12.7,52.2,88.8,47.4,77
425,26,0.7,32.5,64.9,0.9,0.9,54.1,80.2,71.8,30
416,0,0,6.5,11.1,60.8,21.6,62,97.3,46.7,24
518,4,0.8,9.8,12.9,28,48.5,51.2,95.2,13.6,28
422,10,0.2,19.9,39.8,19.9,20.1,51.2,92.1,37.4,28
484,0,0.4,8.5,12.4,21.1,57.6,62.8,95.5,27.1,33
548,3,0.4,9.1,24.8,30.1,35.6,63.7,95.7,39.1,38
450,38,0,26.7,68.7,2.4,2.2,53.3,78.4,64.4,27
1521,58,0.5,24.8,46.9,21.9,6,69,90.3,57.1,85
693,26,0,28.3,55.8,10.5,5.3,50.1,83.5,50.2,39
378,29,0,45.2,48.7,3.2,2.9,49.5,76.5,74,28
397,9,1.3,26.7,60,7,5,65.5,94.6,60,27
1727,221,0.5,27.2,60.3,9.5,2.5,50,77.2,64.2,115
161,5,0,47.8,23.6,13,15.5,61.5,95.3,40.8,8
415,23,1.9,34.5,54.7,2.6,6.3,54,84.5,66.9,38
323,232,0,14.6,45.2,24.5,15.8,50.8,92.5,84.8,22
2411,188,0.5,32.8,61.7,3.1,1.9,55.8,70.7,74,143
3125,0,0.1,2,3,64.8,30.1,42.8,97.1,16.8,150
788,33,0.8,23.4,37.2,28.7,10,44.5,88.4,59,47
202,17,0.5,41.1,55.4,2,1,48,76.8,64.4,15
459,5,0,36.6,41,1.5,20.9,74.7,92,39.4,25
2774,15,0.1,30.4,49.5,16.8,3.2,49.8,82.3,59.1,157
700,45,0.4,26.3,62.6,5.6,5.1,59.7,82,70.8,44
204,5,0.5,49,43.1,2.4,4.9,74,91.4,53.2,16
469,0,0,0.4,99.6,0,0,49.7,86.5,83.5,30
418,28,0.7,31.6,60.5,3.8,3.4,59.8,87.1,69.8,32
292,0,0,4.4,5.1,88,2.4,48,94.3,78.4,25
619,17,0.5,36,56.5,3.7,3.2,67.7,87.3,74.7,46
1653,49,0.5,34.5,55.8,4.1,5.1,91.1,88.8,67.7,94
947,66,0.6,36.3,59.6,2.4,1.1,40.8,75.8,72.8,75
2129,123,0.2,23.2,72.8,3.2,0.7,50,75.2,68.5,129
1839,71,0.1,36.9,59,1.6,2.4,49.4,69.9,75,128
1370,34,0.3,26,58.3,6.2,9.2,47,90.1,43.7,78
207,15,0.5,32.4,58,6.3,2.9,49.8,74.2,75.1,14
213,8,1.4,29.6,44.1,8,16.9,54.9,93.5,50.7,16
510,27,0.8,11.2,25.1,8.2,54.7,51.4,95.1,30,27
403,21,0.5,58.3,36.5,1.2,3.5,40.7,86.9,60.4,42
877,81,0.1,20.3,28.2,8.9,42.5,46.2,92.7,26.2,65
796,53,0.6,30.4,49.4,6.9,12.7,50.4,93,56.1,58
414,45,1.2,80.2,17.2,0.2,1.2,46.1,91.1,82.2,37
422,27,0.2,31.8,58.1,2.8,7.1,49.3,92.4,71.2,33
899,18,0.2,16.8,21.2,6.9,54.8,47.7,94.3,16,55
535,85,0.2,31.2,60.8,2.8,5,49.2,91.2,75.8,45
476,40,0.4,76.9,20.2,1.5,1,51.5,89.1,76.3,41
639,33,0.3,25.5,48,3.1,23,48.7,93.3,49.9,54
590,27,0.3,17.5,73,3.2,5.9,47,92.2,74.8,50
598,58,0.2,17.9,28.4,6.7,46.8,51,93.6,29.3,42
574,54,0.4,75.1,22.1,0.9,1.6,52.8,93.4,74,51
498,36,0.6,42.8,45.6,4,7,50.4,91,64.1,42
721,25,0.6,7.8,10.5,14.7,66.4,48.7,94.3,9.9,50
223,17,0,70.8,27.4,1.4,0.4,52.9,92.2,82,26
364,70,0.3,80.8,16.2,1.1,1.6,45,90.5,70.9,36
288,12,1,83.3,14.6,0,1,53.1,92.2,82.7,23
204,0,0.5,24.5,13.2,9.3,52.4,52,96.9,40.6,15
332,8,0.3,25,32.8,11.8,30.1,51.2,96,29.8,21
220,24,0.4,41.8,53.2,1.4,3.2,48.2,88.9,62.6,12
194,10,0,28.9,58.8,3.1,9.3,60.3,94.1,67.7,18
170,11,0.6,44.7,50,0.6,4.1,45.3,89.2,70.7,18
236,12,1.7,46.2,48.7,1.7,1.7,55.1,93.9,69.6,19
326,49,0.6,40.2,53.7,2.2,3.4,42,81.8,66.8,20
374,24,1.3,38.2,53.7,2.1,4.6,46.5,78.3,62.5,19
698,16,0.1,24.4,22.8,7.2,45.6,53.7,94,17.5,56
517,0,0,9.1,10.6,20.1,60.2,51.1,96.2,6.4,22
2448,284,0.4,29.2,67.4,1.7,1.3,52.7,73,67.4,153
1085,5,0.3,17,22.1,6.1,54.6,58.8,94.9,17.1,56
2572,10,0.2,16.6,19.2,19,45,74.8,95.7,19,154
485,82,0.4,44.5,50.7,1.9,2.5,60.4,85.2,68.7,41
590,61,0.3,34.6,58.3,4.2,2.5,34.4,82.1,65.8,46
440,13,0.9,23,35.4,27.7,13,53,96.1,55.6,28
295,0,0.3,26.1,47.8,5.8,20,48.5,95.6,37.1,20
462,78,0.6,34.2,61.5,2.2,1.5,52,91.2,90,40
459,0,0.4,61,30.3,5.7,2.6,61,94.8,48.5,24
149,7,0,62.4,37.6,0,0,51,90.8,60.2,15
378,36,0.3,28,65.1,3.2,3.4,51.6,89.7,77.6,40
441,14,1.6,38.3,59.4,0.7,0,45.6,85.3,96.2,48
505,58,0.6,40,56.4,1.8,1.2,47.7,89.1,85.2,58
706,105,1.1,23,69.7,4.7,1.6,49.9,92.5,82.6,56
426,37,0.5,33.6,55.6,8.2,2.1,49.3,93.1,97.3,34
671,55,0.4,27,70.8,0.3,1.5,51.6,90,97.4,49
529,48,1.9,32.5,61.6,2.3,1.7,48.4,91.1,85.5,52
354,46,0.3,30.2,66.4,1.4,1.7,45.8,91.3,91.8,36
779,118,0.4,32.7,64.3,1.7,0.9,49.4,91.7,87.3,55
408,50,2.2,37.8,57.1,1,2,43.9,88.5,75.1,37
483,87,0,30.2,65.4,3.1,1.2,48.9,91.7,96.4,57
388,30,0,16,82.2,1,0.8,46.9,93.8,97.7,41
641,32,0.2,34.8,60.7,2.5,1.9,50.2,92.1,78.8,48
435,0,0.2,8.5,90.6,0.7,0,52.4,92.9,97.6,31
260,31,0.4,32.3,65,2.3,0,43.8,92.2,88,27
266,0,0,31.2,44.4,5.6,18.8,54.9,93.8,48.7,17
1569,46,0.5,20,58.2,18.6,2.7,49,94.2,62.2,81
189,4,0,51.8,27,2.6,18.5,50.3,91.8,41,15
311,29,0.3,36.3,57.2,3.2,2.9,49.2,89.5,73.7,22
333,21,0.3,30.6,66.1,0.9,2.1,50.2,83.9,74.4,25
196,0,0,56.1,41.3,1,1.5,58.2,77.9,65.7,15
369,45,0.3,23,74.6,1.6,0.6,49.2,91.8,68.5,29
189,0,1.6,54,32.8,2.1,9.5,46.6,94.1,61.1,20
388,40,0.8,58.2,38.9,0.8,1.3,47.2,91.7,73.1,54
806,73,0.1,60.3,38.7,0.1,0.7,47.8,90.2,97.9,63
323,38,0.3,71.8,24.8,3.1,0,48.6,91.2,90,38
589,103,0.3,65.7,32.8,0.3,0.8,53.5,90.2,76.6,50
404,50,0.2,62.4,33.4,3,1,45.5,91.2,80.4,38
501,42,0.6,52.5,45.3,1.4,0.2,49.5,90.9,72.2,43
345,26,0,75.6,22.3,0.9,1.2,47,90.6,80.9,32
471,55,0,72.8,24.6,2.1,0.4,51.4,91.2,85.6,43
848,250,0.1,14.7,82.2,1.2,1.8,47.2,92.3,94.4,73
284,23,0.7,58.8,37.3,1.1,2.1,38.4,86.5,70.9,44
389,36,0.5,79.7,16.7,1.8,1.3,52.2,91.1,75.3,30
295,42,0.7,76.6,21.7,0,1,46.4,90.1,76.6,33
733,63,0.1,43,54.6,1.4,1,48.4,89.1,79.1,76
556,35,0.4,71.4,25.7,1.1,1.4,45.1,89,70.5,52
683,46,0.3,66.5,31.2,0.3,1.8,47.7,91,68,65
334,14,0.6,54.5,43.4,0.6,0.9,60.8,78.2,64.6,18
193,11,0.5,60.1,38.3,0.5,0.5,37.3,93.4,80.5,20
291,24,0.3,38.8,59.8,0.3,0.7,59.1,94.5,72.5,21
414,28,0,33.6,62.3,1,3.1,48.6,87.3,62.7,28
195,5,0,76.9,20,1,2,53.3,90.7,62.7,15
221,7,0.4,74.7,22.6,1.4,0.9,48,87.5,72.7,17
94,0,1.1,11.7,52.1,10.6,24.5,47.9,96.6,60,6
148,0,0.7,57.4,41.2,0.7,0,81.8,82.7,74.1,11
544,63,0.4,50.6,48.4,0.4,0.4,47.6,78.7,61,40
647,151,0.8,9,89,0,1.2,46.8,91.1,91.3,57
854,195,0,6.1,93.3,0,0.6,48.4,93.8,86.7,76
612,107,0.2,4.4,94.3,0.6,0.5,47.4,92.7,89.6,53
438,19,0.2,0.7,97.5,0.9,0.7,51.6,92.7,87.1,36
996,153,0,16.6,81.5,0.5,1.4,46.6,92,83.1,83
577,149,0,3.5,93.4,0.7,2.4,46.6,93.4,85.3,59
922,74,0,3,95.7,0.8,0.5,49,94,82.3,89
618,133,0,1.6,97.6,0.3,0.5,47.7,93.2,100,51
868,155,0,2.5,95.8,0.2,1.4,49.8,92.4,78.1,67
817,147,0.1,4.5,93.4,1.1,0.9,48,93.1,84.2,74
911,198,0,1.1,97.6,0.8,0.6,49.6,92.2,92.3,77
859,133,0,1.8,97.1,0.2,0.9,43.7,90.3,84.4,75
970,180,0,1.4,97.7,0.2,0.6,50.1,92.8,74.9,86
1004,191,0.5,19.1,79,0.3,1.1,52.1,92,89.4,79
821,213,0,2.8,92.2,1.8,3.2,47.9,92.9,74.1,66
790,101,0,1.7,52.8,6.6,38.9,51.1,95,61.1,59
1114,389,0,0.3,99.2,0.1,0.4,52.2,93.9,93.4,84
468,116,0,6.4,92.3,0.4,0.8,48.1,93.5,93.5,46
377,0,0,2.4,97.4,0,0.3,51.2,93.4,91.4,31
530,107,0,3.8,95.1,0,1.1,45.3,88.8,67.8,53
428,6,0.2,4.7,84.4,6.1,4.7,58.2,96.5,62,25
472,129,0,4,89,1.3,5.7,44.9,93.7,81.5,40
241,41,0,5,93.4,0.4,1.2,52.7,94.8,83.9,20
398,0,0,3,85.2,2.5,9.3,52.8,94.3,70.2,33
277,55,0.7,5.8,68.6,6.1,18.8,48.7,92.6,44.1,22
472,61,0.2,8.5,90,0.4,0.8,45.3,92.9,87.6,42
352,45,0.3,16.2,82.4,0.8,0.3,46.3,90.9,80.7,31
511,118,0,4.5,94.9,0,0.6,44,90.3,61.4,45
395,47,0.8,9.9,88.1,0.5,0.8,46.6,96,77.1,34
475,80,0,5.9,92,0.6,1.5,45.5,92.5,92.7,44
464,177,0,18.8,80.4,0.2,0.6,42.2,89.7,95.7,40
567,59,0.4,12,86.8,0.5,0.4,40.9,91.6,94.8,44
268,68,0,3.7,95.2,0,1.1,49.6,93.4,81.9,18
235,57,0.4,1.3,98.3,0,0,46,93.8,87,20
179,0,0,0,100,0,0,47.5,95.5,83.6,14
232,37,0,38.4,52.2,1.7,7.8,56.9,93.2,60,15
688,1,0.4,6,92.2,0.6,0.9,42.3,88.1,79.1,46
662,190,0.2,5.3,94,0.6,0,42.3,83.4,90,43
660,156,0.2,4.8,93.5,0.6,0.9,51.2,88.2,84,43
671,45,0.3,8.2,89.9,0.6,1,49.6,84.8,68.2,49
268,43,0,3.4,96.6,0,0,66.4,92.8,86.4,20
1496,33,0.3,32.5,63.4,3.2,0.5,53,88.7,64.2,91
419,0,0,0,100,0,0,53.5,89.6,86.2,27
471,0,0.2,17,33.3,26.5,22.9,38.8,94.3,13.2,38
659,57,0.6,20.6,78,0.3,0.5,54.6,91.4,98.9,47
581,32,0.7,28.6,69.9,0.3,0.5,52.5,91.6,89.2,50
525,34,0,33.3,65.5,0.4,0.8,47.4,91.2,80.4,43
488,39,0,10,89.1,0.2,0.6,50.6,90.9,92.5,43
738,74,0.3,30.4,68,0.8,0.5,53.5,90.5,89.3,62
552,35,0.4,17.8,81,0.7,0.2,45.6,92.1,92.6,51
813,76,0,30,66.5,2.5,1,52.6,91.3,81.5,71
491,65,0.4,26.9,71.9,0.6,0.2,50.9,90.9,93.6,45
660,52,0.2,30.2,69.2,0,0.4,48.5,91.7,92.9,63
504,60,0.8,31.6,67.1,0.2,0.4,43.2,89.7,92.1,47
282,18,0,28.4,71.3,0,0.4,46.8,87.6,88.2,29
501,86,0.4,35.5,63.3,0.2,0.6,45.1,92.1,99.6,57
581,78,0.5,31.7,67.1,0.5,0.2,48.5,90.7,83,56
496,34,0.2,23.8,74.8,0.2,1,48.6,91.9,82.9,60
960,38,0.1,24.6,74.1,0.9,0.3,55.2,88.7,83.5,83
393,98,0.5,20.9,77.9,0.5,0.2,54.2,93.2,93.3,33
430,23,0,34,65.8,0.2,0,48.4,85.4,84.3,44
470,28,0.4,24.5,74.7,0.4,0,48.9,91.3,87.2,36
342,26,0.6,27.2,70.5,0.9,0.9,46.2,89.8,84.9,29
550,63,1.1,22,75.4,0.6,0.9,47.1,89.9,73.4,51
278,31,0,38.5,61.2,0,0.4,47.5,87.5,96.1,22
299,25,0,22.7,76.9,0,0.3,53.2,88.6,92.5,21
273,18,0.4,33.7,65.2,0.4,0.4,48.4,89.1,81.4,21
360,28,0.8,35.8,61.9,0.3,1.1,57.8,80.9,73.9,28
332,29,0,30.3,69.4,0.3,0,48.2,83.1,80.1,25
481,41,0.4,22.2,73.6,2.7,1,55.9,86.9,75.7,36
334,17,0.3,38,59.6,0.9,1.2,41,79.7,81.4,25
326,9,0.3,30.7,68.1,0.6,0.3,17.2,86.5,70.7,19
1189,88,0.2,33.8,63.2,2.3,0.4,12.4,75.8,78.1,93
1488,142,1.1,28.3,68.3,1.4,0.9,23.9,75.8,85,96
624,43,0,37.5,59.8,1.6,1.1,72.4,83.6,73.6,38
528,43,1,7,54.6,3.6,33.9,43.2,93.3,52.4,38
651,95,0.8,16.9,62.5,18.1,1.7,47.6,94.3,78.6,47
959,94,0.5,25,74,0,0.4,49.6,88.3,86.3,89
723,37,0.4,15.5,83,0.4,0.7,49.1,91.2,89.8,65
583,74,0.3,20.8,74.3,2.6,2.1,48.5,92.1,70.6,42
1567,72,0.4,5.6,48.8,5.2,40,50.6,92.9,53.7,98
904,64,0.3,27.2,61.1,4.3,7.1,48.1,90.9,74,79
703,86,1.1,26.5,70.1,0.7,1.6,45.2,89.9,91.2,64
418,26,0.7,50.2,47.6,0.2,1.2,46.2,91.1,75.5,43
769,64,0.8,43.3,55.1,0.5,0.3,51.4,92,75.1,63
445,0,0.4,21.1,56.2,8.5,13.7,47.2,94.9,63.8,29
535,30,0.6,47.8,50.3,0.8,0.6,50.5,90.9,74.5,51
908,167,0,12,57,28.5,2.4,49,93,75.4,67
565,110,0.2,35,63.9,0.2,0.7,50.3,88,86.7,49
757,51,0,17.7,59.2,21.4,1.7,48.5,91.4,85.2,58
671,66,0.2,29.7,69.4,0.3,0.4,52,90.7,96.5,51
871,29,0.6,38.9,57.2,3,0.3,49.7,89.9,64.7,68
941,67,1,35.5,59.7,2.8,1.1,50.5,90.8,77.2,60
522,49,0.4,42,57.1,0.4,0.2,44.4,90.8,87.2,46
472,79,0.6,46.6,52.3,0,0.4,52.3,90.4,89,40
916,164,0.6,26.4,71.9,0.9,0.2,49.1,89.8,88,72
644,71,0.8,32.3,64.3,2.5,0.2,44.1,86.9,65.8,55
973,29,0,30.2,65.5,3.7,0.6,47.3,93,71.4,67
650,26,0.3,20.3,60.3,4,15.1,46.9,88.8,63.7,59
324,31,0.6,28.1,67.9,0.9,2.5,53.1,86.8,68.7,23
432,17,0.5,34.7,60.2,1.6,3,67.6,81.8,61.9,28
414,53,0.2,35,57.5,5.8,1.4,32.6,81.9,62.5,30
359,47,0,37.6,60.2,1.4,0.8,48.5,86.8,87.4,34
841,122,0.2,22.4,76.1,0.6,0.7,50.5,88.6,95.5,74
536,7,0.8,13.2,39.4,3.2,43.5,45.7,93.3,66,37
387,54,0,25.8,72.4,1.3,0.5,32,82.5,70.8,32
418,29,0.2,37.3,57.7,2.6,2.2,42.3,94.3,66.7,24
211,27,1,39.3,57.4,1.4,1,47.4,81.4,86,12
187,187,0,24.1,66.8,4.8,4.3,43.3,93.2,87.5,10
230,40,0.9,21.3,77,0.4,0.4,48.3,91.2,94.3,18
280,20,0.7,40.4,56.1,1.8,1.1,52.5,91.4,79.2,26
102,5,1,22.6,57.8,3.9,14.7,58.8,91.9,60,11
107,10,0,37.4,61.7,0.9,0,50.5,92.3,60,7
130,2,0,17.7,53.1,6.9,22.3,52.3,93.8,60,9
125,5,0.8,44.8,52.8,1.6,0,48,90.3,60,5
4303,384,0.4,22.6,60.6,6,10.4,41.7,82.5,59.6,222
757,143,0.1,30.9,65.4,2,1.6,49.7,72.7,61.3,78
308,28,0.3,38.3,56.8,2.6,2,52.6,75.1,69.2,25
411,43,0.7,30.2,67.4,1,0.7,59.1,83.6,70.5,23
407,0,0.2,30.5,67.3,1.5,0.5,56.3,80.9,77,28
392,46,0,37.2,59.4,1.8,1.5,50,78.9,77.4,33
1712,138,0.5,33.2,64.3,1.5,0.5,67.9,77.1,79.8,111
157,13,0.6,37.6,60.5,1.3,0,52.9,84.6,84.1,19
294,40,0.3,50.7,48,0,1,39.8,87.2,84.8,39
522,84,0.8,42.7,55.4,1.2,0,45.8,89.6,92.1,67
709,131,0.7,35.3,62.6,0.4,1,49.2,90.4,89.1,55
670,45,0.8,18.1,78.5,2.1,0.6,46.7,93,81.6,50
779,177,0.3,21.3,78,0.3,0.1,47.4,92.1,87.9,70
685,97,0,35.3,62.6,1.5,0.6,48,93.8,77.5,46
528,87,0.6,43.2,55.1,0.8,0.4,44.9,92.2,86,50
1332,207,0.2,38.1,61.1,0.3,0.4,49.6,89.9,83.2,100
703,76,0.1,44.1,55.2,0.3,0.3,45.5,93.4,93.2,61
407,77,1,32.9,62.9,1.7,1.5,48.4,89.7,99,40
490,139,0,38.8,60.2,0.4,0.6,47.8,91.2,91.3,47
909,206,0.1,17.2,82.1,0.4,0.2,48.1,91,92.4,88
1404,221,0.4,25.1,70.4,3.8,0.2,46.7,90.3,85.8,108
819,87,0.2,29.6,68.6,0.6,1,48,91.2,83.9,63
1197,204,0.4,37.3,56.1,5.9,0.2,52.6,92.4,93.9,109
716,159,0.1,23.3,75.4,0.1,1,46.6,91.8,83.5,53
440,30,0.4,49.6,48.9,0.2,0.9,50.2,91.8,90.4,47
794,135,0.9,21.4,74.3,2.9,0.5,48.4,92.4,91,68
921,242,0.5,23.7,74,1.2,0.5,50.4,87.6,77.3,83
816,133,0.5,29.9,69.2,0.1,0.2,48.2,90.5,91.9,68
280,0,0,41.8,57.5,0.7,0,51.8,93.4,78.4,19
590,112,1,43.2,54.6,0.2,1,44.8,89.8,89,61
475,44,0.4,39.2,56.8,2.7,0.8,51.6,91.4,87.3,39
678,152,0.2,30.1,67.1,2.4,0.3,50.7,91.8,93.3,62
936,97,0.2,29.3,68.3,1.9,0.3,43.8,88.3,73.4,83
767,175,0.4,35.1,63.2,0.3,1,46.9,90,96.4,60
371,36,0,38.5,61.5,0,0,46.9,91.5,89.9,31
293,19,0.3,45.7,47.1,6.1,0.7,56.3,95,77,22
927,61,0.1,13.9,82,3.1,0.9,53.5,94.7,85.3,65
458,56,0.2,45.8,53.3,0.2,0.4,45,87.6,91.5,44
405,67,1,32.6,63.7,1.2,1.5,49.6,83.4,88.5,30
384,47,0,54.7,43,1,1.3,44.3,87.9,87.1,52
506,53,0.2,55.7,40.9,2.2,1,53,87.4,79.3,48
401,0,0.2,65.8,32.2,0.5,1.2,0,87,62,23
511,58,1,34.2,63,1,0.8,45.4,88.3,83.8,42
323,31,0.3,53.6,44.6,0,1.6,0.3,76.7,67.4,23
306,35,0.3,31.4,67,1,0.3,51.3,79.2,63.4,21
341,28,0.3,34.9,62.2,1.8,0.9,54.8,86.6,71.7,21
338,14,0.9,28.7,64.2,5.6,0.6,52.1,90.2,81.2,21
336,44,0.6,33.3,65.5,0.3,0.3,67.9,79.2,78.3,20
351,45,1.7,29.3,68.7,0,0.3,55.6,91.5,91.4,26
428,44,1.4,33.4,64,0.9,0.2,47,85.2,86.6,33
501,74,0.4,39.9,58.7,0.8,0.2,50.9,86,84.1,45
484,98,0.2,26.6,70.2,2.5,0.4,47.9,90.6,75.4,39
217,25,0,30.9,68.2,0.9,0,58.1,93.3,82.8,15
259,44,0.8,38.6,58.7,1.2,0.8,49.4,87.9,67.4,24
215,40,0.5,34.4,62.3,1.4,1.4,60.5,83.2,72.7,13
894,129,0.4,29.9,68.2,1.1,0.3,49.4,86.8,79.6,77
110,0,0,0,100,0,0,42.7,94,60,8
649,29,0.3,43.4,54.1,1.2,0.9,60.4,84.5,70.1,38
471,41,2.3,34.4,60.5,1.7,1.1,48.8,89.8,69.1,58
575,76,0.2,11.6,79.6,4,4.5,47.1,93.3,79.3,54
1157,225,0.2,13.8,70.7,7.4,8,50.3,91.1,77.6,85
699,108,0.1,24.6,73.5,0.7,1,45.1,90.7,88.3,62
576,54,0.4,15.1,81.8,2.3,0.5,55.6,93.9,85.5,47
1194,317,0.8,12.4,69.8,10.1,6.8,51.1,92,78.7,105
723,40,0.1,13.4,32.5,10.1,43.8,46.3,94.6,17.5,57
812,64,0,27.1,69.8,0.4,2.7,47.2,90.6,91.2,75
1055,194,0.3,15.6,82.2,1.5,0.5,51.7,91.4,98.5,73
563,66,0.5,21.3,70.7,3.7,3.7,48.8,91.7,68.9,45
1065,96,0.8,14.6,77.6,2.2,5,49.4,91,81.7,84
1220,110,0.4,17.2,78.4,2.7,1.2,48.8,92.1,87.5,89
277,11,0.4,33.6,53.1,3.2,9.8,49.5,93.7,50.2,24
488,75,0.6,23.4,71.9,2.7,1.4,49.2,90.3,86.8,41
561,114,0.2,15.9,55.6,18.9,9.4,44.2,92.7,81.3,37
532,59,0.4,27.4,70.7,0.9,0.6,49.2,92.2,92.6,60
1046,209,0.4,28,69.8,0.4,1.4,49,91.5,86.4,69
669,99,1.2,16,69.2,9.4,4.2,42,87.2,76.8,57
705,93,0.6,12.5,40.4,10.8,35.7,47.2,93.3,33.9,45
1163,132,0.3,31.5,65.6,1.8,0.9,49.1,91.1,93,108
1708,239,0.2,14.2,81.1,2.8,1.7,47,90.6,82.5,118
764,189,0.6,20.8,72,5.6,0.9,46.2,90.3,87.5,66
1046,169,0.9,22.6,62,12.7,1.9,49.7,91.2,77.3,80
1235,179,0.3,24.7,62.8,6.4,5.8,45.5,91.6,69.3,101
1160,59,0.3,26.6,62.8,8,2.2,54,89.8,80.2,85
232,0,0.9,8.6,90.1,0,0.4,50,94.2,89.6,21
958,174,0.3,14.7,76.5,0.8,7.6,48.5,92.9,90.7,76
414,44,0,17.4,78.7,3.4,0.5,45.9,90.6,90.7,39
354,40,0.8,39.3,54.5,4,1.4,20.9,86.5,80.1,23
441,72,0.2,29,70.3,0.2,0.2,49,93,84.1,35
144,17,0,18.8,72.2,2.1,6.9,42.4,94.7,60.3,12
720,141,0.1,17.9,76,4.6,1.4,37.1,88.7,79.5,56
814,154,0.4,10.9,81.4,5.2,2.1,46.1,91.1,92.6,67
459,106,0.6,20.5,73.6,4.1,1.1,46.2,89.2,89.7,40
326,305,0.3,9.8,82.2,5.2,2.4,48.8,83.7,79.8,17
291,30,0,33.3,64.3,0.7,1.7,50.9,75.2,64.4,21
1026,173,0.5,18.7,73.9,6.4,0.5,45.8,91.5,80.3,87
786,125,0,15.8,65,7.5,11.7,51,92.6,71.4,56
416,27,0.5,38.5,57,2.2,1.9,57.7,83.7,79.6,29
573,100,0,17.1,79.2,3.1,0.5,49.9,91.9,77.7,45
708,109,0.3,33.2,65.8,0.7,0,45.6,91.7,94.4,65
306,80,0,7.2,84.3,7.2,1.3,53.3,95.4,82.1,23
293,32,0.3,25.9,68.9,3.4,1.4,89.4,91.8,73.2,20
711,206,0,13.8,81.2,1.7,3.4,44.4,93,79.1,57
242,57,0.8,20.2,76,1.6,1.2,50.8,92.8,80.8,24
154,20,0.6,28.6,66.9,3.2,0.6,50.6,94.1,92.8,11
500,78,0.2,32,66.2,1.2,0.4,43.6,92.7,93,39
528,65,0.4,13.8,77.8,4.9,3,52.3,93.7,78.8,40
493,91,0.6,18.9,77.1,1.2,2.2,48.9,92.4,84.1,40
122,6,1.6,36.9,59,1.6,0.8,59,94.2,60,7
522,66,0.2,19.9,78.4,1.3,0.2,52.3,89.7,93.1,45
755,127,0.7,27,69.8,1.7,0.8,48.2,87.4,81.5,61
260,51,0,22.3,76.2,1.2,0.4,53.1,92.1,89.8,39
746,137,0.9,21.6,76.3,0.9,0.3,41.6,87.7,89.3,69
517,77,0.8,36.4,60,2.1,0.8,48.2,83.6,72.3,43
484,140,1,30,66.1,2.1,0.8,46.3,89.8,75.9,44
519,64,0.6,32,64.4,1.5,1.5,63.4,77.5,66.8,35
385,66,0.3,34.8,61.8,1.3,1.8,50.9,83.5,78.9,38
420,14,0.2,42.1,52.6,2.1,2.9,58.3,84,72.2,36
538,66,0.4,35.7,60,2.4,1.5,40.5,73.5,75,44
425,49,0.5,39.5,57.4,1.4,1.2,61.9,80.5,82.6,37
4392,72,0.5,25.2,66.3,5.5,2.5,52.8,79.6,70.2,280
348,21,0,32.5,64.7,0.6,2.3,60.6,88.9,73.9,24
2670,0,0.3,4.4,7.7,59.9,27.7,44.6,96.5,27.2,125
2060,325,0.5,28.8,66.5,1.9,2.3,38.5,81.8,77.3,160
418,165,0.2,17.5,60.8,15.1,6.5,53.1,92.5,80.6,33
425,25,0,25.4,72.9,0.7,0.9,57.4,88.5,76.5,25
414,34,0.2,35.5,61.1,0.5,2.7,69.1,81.9,76.9,28
442,61,0.4,25.3,72,1.4,0.9,48.9,82.4,74.4,28
1445,110,0.4,31.4,65.3,1.1,1.9,63,79.2,71,99
332,0,0.6,19.6,23.5,16,40.4,48.8,95.8,21.3,24
589,24,2.4,60.6,24.8,10,2.2,46.5,92.7,79.9,49
495,29,0.2,10.7,20.8,4,64.2,46.3,93.3,34.5,34
817,37,0.9,74.2,23.1,1,0.9,47.4,90.2,78,58
874,101,0.7,59.4,37.9,0.8,1.3,48.2,90.9,85.1,67
803,12,0.9,83.4,13,1.4,1.4,48.7,93.6,87.2,67
1026,127,0.3,52.8,41.5,2.7,2.6,46.8,92.1,83.3,80
1626,162,0.6,13.8,49,11.8,24.8,49.4,91.6,63.3,118
505,9,2.2,75.4,18.6,3.4,0.4,45.7,92.8,68.7,38
1316,276,0.6,28,45.4,10.3,15.7,47.8,90.1,73.8,109
1000,117,0.2,22,60.5,4.6,12.7,50.1,92,70.5,82
741,45,0.7,44.3,32.7,8.9,13.5,46.6,93.1,62.7,55
1082,98,1.1,57.3,36.9,2.6,2.1,48.3,91.7,76.7,88
1468,346,0.5,12.6,64,9.7,13.2,47.8,93,69.3,116
1238,189,1,35.1,41.2,21.6,1.1,51,92.2,77.9,85
575,51,0.4,8.7,38.3,15.1,37.6,47.3,94.2,51.9,44
605,64,0.3,66.3,31.4,1.3,0.7,51.7,89.8,73.9,62
614,60,0,56.2,42.8,0.5,0.5,51.3,89.7,85,55
810,52,1.4,64.8,26.8,5.2,1.8,48.4,92.4,63.6,61
645,42,0.5,40,44,13.6,1.9,45.3,91.5,78.6,53
1067,31,1.7,69.2,27.2,1.7,0.3,46.3,91.3,73,77
1074,46,1.2,70,23,3,2.8,49.1,88.4,68.7,88
599,17,0.5,63.4,26,5.8,4.2,48.9,94.1,49.7,57
508,16,0.2,64.8,30.7,1.8,2.6,49,93.6,48,55
402,9,0.5,8.2,26.9,2.7,61.7,47.8,94.7,38.8,28
493,22,0.2,67.3,30.2,0.6,1.6,47.9,94.2,54.6,46
770,18,0.6,63.1,30.4,4,1.8,51,91.7,43.3,78
617,17,0.5,59.8,31.4,4.7,3.6,46.8,93.9,47,50
322,33,1.2,52.5,44.1,0.9,1.2,46.6,89.9,60,22
1264,169,0.2,13,59.2,23.7,4,48.2,92.3,90.8,89
350,29,0.6,45.7,49.4,3.1,1.1,70.9,87.3,77.6,23
444,24,0.9,52,43.9,1.8,1.4,62.2,91.2,76.6,27
420,40,0.2,42.1,55.5,1,1.2,50.2,84.9,75.5,32
573,48,0.5,64.8,29.5,4,1.2,40.3,91,80,35
444,29,0.9,39.6,53.8,3.4,2.2,20,89.1,67.8,27
345,11,1.2,71,24.1,1.7,2,64.4,90.3,66.2,17
464,18,0.2,41,44.8,6.2,7.8,47.2,86.1,80,26
561,0,1.1,70.6,22.3,4.6,1.4,49.9,91.1,66,31
443,27,0.4,51,44,3.4,1.1,74.7,83.2,69.5,28
420,33,0.5,44.3,43.3,2.9,9,44.3,84.2,83.2,25
334,8,0,32.6,48.2,10.2,9,47,91.3,76.4,25
341,43,0.9,27,58.4,7,6.7,48.1,92.4,73,22
135,9,0,68.9,26.7,3,1.5,51.1,89.4,60,11
141,16,0,16.3,70.2,3.6,9.9,51.1,93,60,12
1554,252,0.2,35.2,48.5,5.1,11.1,40.7,81.2,62.3,110
333,16,0,39.6,52.6,1.8,6,39.9,89,62.5,24
2791,212,0.8,55.5,40.7,2,1.1,44.8,86,38.3,142
274,242,0.4,8.8,71.2,10.2,9.5,48.5,94.4,97.2,19
324,34,0.6,33,60.8,2.2,3.4,26.2,87.7,65.3,23
416,65,0.5,37.7,57.4,1.4,2.9,39.7,77.8,88.3,26
460,10,0.9,43.7,46.3,4.4,4.8,56.5,90,61.7,23
432,41,0.7,47.9,49.8,0.9,0.7,53.2,90.5,82.7,24
377,33,0,35.3,62.1,1.9,0.8,19.4,91.4,74.7,26
764,140,0.3,25,73.3,0.9,0.5,47.8,88.2,84.6,68
372,49,0,37.9,61.6,0.3,0.3,48.7,88.9,86.4,38
1122,153,2,28.8,60.7,7,1.5,49.1,91.9,90.8,83
630,104,0,34.1,64.9,0.6,0.3,43.5,89.6,94.8,55
510,109,0.4,31.2,67.2,0.2,1,48.6,90.9,92.8,44
373,29,0.3,29.5,69.2,0.5,0.5,48,92.5,83,31
583,78,0,23.7,75.8,0.2,0.3,49.4,91.5,84.2,52
704,98,0.1,22.9,76.4,0.4,0.1,50.7,90.3,89.4,60
560,56,0,25.9,72.1,0.9,1.1,47,89.9,88.4,47
447,54,0.9,28.9,65.8,3.6,0.9,44.5,87.9,75.7,37
1130,92,0.6,28.9,65.4,3.6,1.4,48.1,89.6,79.8,98
476,36,0.4,33.4,64.9,0.6,0.6,47.3,88,72.7,34
659,71,0.2,46.1,53.4,0.2,0.2,48.2,89.8,94.3,50
726,84,0.3,20,78.1,1.1,0.6,48.8,91.2,91.1,64
238,25,0.4,31.9,66.8,0.8,0,52.5,88.1,73,22
483,99,0.2,23.4,73.7,2.3,0.4,47.6,90.9,84,40
486,76,1.2,26.5,69.1,1.6,1.4,46.5,92.8,87.2,39
446,38,0.7,37.2,61.7,0,0.4,48.6,91.4,91.4,60
671,74,0,11.8,87.5,0.4,0.3,50.4,90.6,90.2,62
542,93,0.7,36.7,57.8,1.7,3.1,50.4,90,86.5,49
848,89,1.4,30.9,66.4,0.7,0.6,49.9,91.4,82.5,72
372,47,1.3,24.2,72.3,2.2,0,45.4,85.9,79.5,31
349,34,1.2,24.6,70.8,2.9,0.6,49.6,88.3,76.4,29
246,20,0.4,32.1,63.8,2.4,1.2,46.8,92.4,98.7,17
312,52,0.3,34,64.7,0.6,0.3,52.6,82.5,71.8,21
391,20,0.3,49.1,48.1,1.8,0.8,75.7,79.3,67.4,24
211,21,0.5,26.5,70.6,1,1.4,57.8,90,85.6,18
263,20,0.8,38.8,58.6,0.8,1.1,52.8,91.4,78.8,22
264,31,0,23.9,74.6,0.8,0.8,52.6,89.9,88.8,23
429,59,0.2,34.3,64.3,0.5,0.7,51.5,82.1,79.1,33
644,60,0.3,42.1,56.2,0.6,0.8,49.8,89.8,91.8,50
249,20,0.8,43,50.6,4.4,1.2,56.6,93.4,60.2,15
373,21,0.5,35.7,61.4,1.3,1.1,46.1,85.1,88.7,33
194,25,0.5,33,65,1.6,0,42.8,89,68.2,14
345,282,0,19.7,74.8,2.3,3.2,50.4,87.9,82.3,25
442,16,0.4,42.1,56.6,0.4,0.4,51.6,76.3,81.4,27
437,42,0.7,41.6,54.7,1.6,1.4,51.7,83.4,58.3,33
206,17,0,35.4,63.6,0,1,89.3,80.9,88.4,15
299,268,0,6.7,90.6,2.7,0,51.8,88,84.4,21
488,44,0,33,62.9,3.1,1,27.9,77.6,85.9,31
490,51,0.4,31.2,66.9,0.8,0.6,53.7,82.6,81.1,37
531,34,1.1,44.3,52.5,1.5,0.6,49.9,84.4,74,37
612,60,0.6,30.2,67.6,0.6,0.8,47.7,78.8,85.1,31
134,18,0.8,20.2,73.1,5.2,0.8,54.5,92.1,79.2,11
520,50,0.2,22.5,75.6,0.8,1,46.9,75.9,85.8,33
590,37,0.3,87.6,5.6,5.9,0.5,51.7,92.3,62.6,48
491,17,0.6,37.7,10.8,6.5,44.4,48.7,94.1,31.5,38
533,20,0.8,74.3,13.7,5.8,5.4,49,91.5,72.1,49
500,4,0.4,84.6,6.6,1.8,6.6,53.8,92.2,61.7,40
437,10,0.9,76.7,15.3,2.5,4.6,50.8,92.2,68.4,33
537,10,0.6,87.3,8.2,3,0.9,48.4,89.8,81.8,43
394,16,1,46.7,49,1,2.3,46.7,91.2,81.7,37
342,24,0.6,66.1,29.5,1.5,2.3,47.7,89.7,83.3,40
348,12,1.2,86.2,7.2,2.3,3.2,45.4,90.7,81.4,35
245,11,1.6,73.5,22,1.2,1.6,50.2,90.1,94.6,24
428,34,0.7,83.2,6.8,8.4,0.9,52.8,89.2,97.2,38
269,4,0.4,86.6,10,2.2,0.7,50.9,92.4,77.5,23
913,21,0.6,81.8,14.7,1.6,1.3,56.5,91.7,68.9,68
263,19,1.1,70.7,25.9,1.1,1.1,42.2,81.7,82.6,31
264,29,0.4,39.8,54.6,1.1,4.2,44.7,91,75.3,34
421,22,1,74.8,21.4,1.2,1.7,48.9,88.7,77.5,35
273,30,2.2,78,11.7,5.9,2.2,52.8,86.5,58.6,34
225,6,0.9,64,31.6,1.3,2.2,51.6,93,65.6,14
268,18,0.4,73.9,24.2,0.4,1.1,47.4,93,82.8,24
728,33,0,71.3,22.5,1.2,5,54.4,94.3,43.4,47
173,7,0.6,68.2,24.3,4,2.9,45.7,90,89,17
234,4,1.3,88.5,8.1,1.7,0.4,56.8,86.8,76.3,17
411,11,0.5,84.4,12.2,1.5,1.5,47.9,89.2,81.3,35
275,7,0,70.6,28.4,0,1.1,53.4,91.2,79.4,35
274,3,0.7,77.7,20.8,0.4,0.4,51.1,88.6,79.3,23
154,3,0.6,90.3,7.8,0.6,0.6,0,93,65.6,14
308,7,1,72.4,23.4,2,1.3,54.2,83.3,64.4,18
219,3,0,82.6,15.5,0.5,1.4,49.3,85.7,61.1,14
954,36,0.4,81.7,10.9,5.7,1.4,42.2,87,44.8,52
4469,9,0.1,12.6,7.9,59.2,20.1,41.4,95.4,29.7,223
391,305,0,17.4,36.6,32.7,13.3,46.3,94.8,80,27
409,3,0,77,21,1,1,71.2,91.6,57,29
373,2,0.8,73.5,22.2,1.1,2.4,56.8,84.6,60.2,28
170,0,1.2,75.3,12.9,1.2,9.4,54.7,95.6,45.9,9
749,25,1.2,81,15.2,1.2,1.3,51.9,80.9,84.9,46
315,5,0.6,77.5,15.2,4.1,2.5,50.2,79.7,73.4,20
146,3,1.4,89,5.5,2.7,1.4,100,93.9,72,9
273,18,2.2,76.9,15.4,3.7,1.8,43.6,87.7,77.2,26
325,0,1.8,88.3,9.5,0.3,0,56.3,91.8,51.8,19
75,3,0,85.3,13.3,1.3,0,58.7,89.6,60,8
896,12,1.6,76.3,18.9,1.8,1.4,37.6,81.6,56.4,71
924,1,0.4,82.2,12.8,2.9,1.6,59.7,88.7,48,48
378,41,0,25.1,74.3,0.3,0.3,46.6,91.1,77.6,32
373,79,0.5,3,86.6,2.4,7.5,45.6,93.6,79.4,35
244,53,0.4,18,79.9,0,1.6,52.9,92.5,82.3,23
500,109,0,1.2,97.2,0.4,1.2,47.2,94.4,89.8,42
342,37,0.3,53.5,44.4,1.2,0.6,45.9,92.1,88.5,27
547,39,0.2,4,50.3,12.1,33.5,50.8,95.3,65.9,42
456,94,0,2.4,23.2,4.8,69.5,49.6,95.4,63.8,35
263,19,1.1,33.8,64.3,0,0.8,47.2,82.3,90.3,27
699,69,0.1,13.6,83.4,1.6,1.3,47.1,87.9,85.6,53
496,40,1,52.8,45.2,0.2,0.8,53.6,90.1,88.3,39
487,130,0.4,8.2,81.7,3.7,6,49.5,92.6,77.6,45
398,79,0,9,36.2,2,52.8,46,93.6,62.9,37
483,126,0,14.7,82.4,0.8,2.1,52.4,94.5,88.6,41
610,81,0,18.4,68.7,2.3,10.7,47.4,89.6,66.4,53
661,45,0.3,10.7,55.7,4.7,28.6,46.9,95.1,71.7,48
302,41,0,43,56.3,0.3,0.3,56.3,92.4,81,30
333,44,0,17.7,81.1,0.3,0.9,42.3,93.5,82.5,31
424,51,0.5,14.2,82.8,0,2.6,47.6,92.6,78.4,43
867,116,0.6,10.7,73.6,13.6,1.5,51.6,96.4,66.1,61
567,38,0,26.5,70.4,1.1,2.1,50.6,93.2,84.1,51
403,54,0.2,54.6,41.4,0.5,3.2,48.6,89.8,83.2,34
1455,65,0.1,13.9,64.3,5.8,15.9,52.3,95,70.8,99
213,7,0.9,68.5,29.1,0.5,0.9,57.3,87.2,72.8,16
479,82,0,24.4,65.8,0.4,9.4,46.4,94.7,78.1,47
207,10,1,50.7,44.4,0.5,3.4,66.7,86,81,14
98,1,2,36.7,30.6,18.4,12.2,53.1,95.6,38.1,12
205,20,0.5,41,57.1,0,1.5,47.8,77.6,70.4,11
1041,4,0.8,33.7,63.6,0.5,1.4,56.4,79.3,63.8,58
830,41,0.7,58.4,39.3,0.4,1.2,53,78,66.4,50
818,17,0.7,38.1,58.2,1.3,1.6,35.7,86.9,60.5,54
400,13,0,57.5,35.5,3,4,23.8,85.2,61.1,27
449,13,0.4,31.8,57.7,0.9,9.1,59.2,89.7,85.4,30
380,12,0.5,11.6,61.6,3.7,22.6,50.3,94.3,66.9,25
306,36,0.6,21.9,76.1,1,0.3,46.1,90.4,78.2,29
67,6,0,9,91,0,0,50.8,89.6,60,8
1118,68,0.6,60.8,34.9,1.6,2.1,5.2,75.5,69.6,80
181,24,0,15.5,82.9,0.6,1.1,52.5,82.9,67.3,15
1115,251,0.3,1.8,89.8,5.5,2.7,50.8,94.1,85.9,87
575,56,0,16.5,54.6,5.7,23.1,48.4,92.9,68.6,54
386,37,1,44.6,48.7,0.5,5.2,47.9,92.3,86.3,43
787,96,0.1,2.9,91,2.9,3,49.4,93.7,86.1,68
677,22,0.2,11.1,24.4,6.9,57.5,51.1,95.5,29.3,48
291,24,0.3,36.8,44,3.1,15.8,43.3,91.7,75.9,59
470,39,4,41.3,37.4,3.2,14,47.7,92.8,71.7,37
353,22,0.3,24.9,34,3.7,37.1,49.3,94.6,44.8,26
985,10,0.2,17.4,31.3,15.5,35.6,60.6,96.2,32.5,56
547,28,0,12.1,24.3,8.6,55,47.4,93.5,37.6,42
885,105,0.9,13.3,61.2,14.9,9.6,45.8,93.5,70,83
1070,272,0,1.1,57.5,37.1,4.3,49.5,94.2,86,72
470,8,0.2,8.9,29.6,7,54.3,49.8,95,23.6,31
310,45,0.3,12.9,68.1,4.5,14.2,50.6,95.3,85.9,28
529,62,0,17.4,30.2,29.7,22.7,48,93.8,94.2,36
841,302,0.1,1,64,28.4,6.5,50.9,94.4,84.9,66
441,119,0.4,3.8,88.2,3.6,3.8,51.5,91.2,80.9,46
549,10,0.4,33.9,23.9,8,33.9,47.9,93.8,21.6,42
422,21,1.7,11.8,25.6,5.2,55.7,51.9,94.7,34.5,34
1125,306,0,0.8,61.1,32.4,5.7,46.9,95.1,84,83
542,157,0.4,2.6,82.5,2.6,12,49.3,95.3,87.5,43
1213,347,0.3,3.1,30.5,44.8,21.2,50.8,95.1,63.9,88
800,47,0.4,41.2,23.8,5.1,29.5,50.1,93.7,38.2,60
416,86,0,15.4,52.2,7,25.5,46.2,93,62.7,35
1276,26,0.2,15.2,14,7.6,63,48.1,95.3,11.4,81
232,8,0.4,41.4,49.1,1.7,7.3,44,88,67.9,29
418,17,0.7,19.6,51.9,5.7,22,65.1,93.6,74.6,32
459,16,0.9,25.7,29,6.3,38.1,41.2,95,31.9,45
700,29,1.1,76,22.3,0.3,0.3,50.1,85.2,55.8,43
774,31,0.3,64.7,30.5,1.9,2.6,49,78,74.3,47
400,9,1.2,83.8,12.8,1.8,0.5,51.8,73.9,68.2,24
60,5,0,68.3,8.3,3.3,20,51.7,90.5,60,4
603,6,1,73.1,21.9,2,2,58.4,87,42.5,36
473,38,0.2,8.5,79.5,7.6,4.2,46.5,93.7,73.2,36
422,8,0.2,86.3,10.7,0.7,2.1,50.7,91.9,72.7,42
689,5,0.7,91.6,7,0.4,0.3,54,92.5,68.6,49
367,10,0.5,84.5,13.9,0.5,0.5,53.7,89.8,94.2,42
384,16,1.8,75.3,19.8,1.3,1.8,47.1,91.5,79.6,37
232,16,1.3,87.5,9.5,0,1.7,46.6,92.6,87.7,24
241,4,1.2,85.5,12.9,0,0.4,44.4,87.8,79.3,24
379,7,0.5,87.3,9.5,1.8,0.8,49.1,92,80.8,33
284,19,1.4,73.6,23.6,1.1,0.4,58.1,87.6,77.9,33
431,32,0.5,72.6,25.1,1.2,0.7,49.2,88.8,86,37
420,10,2.4,81,16,0.7,0,49,91.9,87.4,37
370,2,0,88.4,10.5,1.1,0,50.5,89.9,88.8,28
447,19,1.6,82.8,13.6,1.3,0.7,38,85.2,86,34
832,28,1.6,89.4,7.7,0.7,0.6,56,90.8,82.7,71
426,28,0.9,71.6,20.7,4.7,2.1,44.8,92.3,91.5,38
274,3,1.8,83.2,12.8,0.4,1.8,58,83.5,56.8,15
444,11,0.7,86.3,11.9,0.7,0.4,52.9,90.3,84.1,41
310,10,0.6,81,15.8,1.3,1.3,50,86.2,71,31
3681,47,1,89.4,8.3,0.7,0.6,41.5,65.5,61.8,176
248,5,2.4,76.6,20.2,0.4,0.4,50,87.5,68.4,22
287,5,2.1,86.1,9.8,0.7,1.4,48.1,90.7,51.3,23
76,0,0,73.7,23.7,1.3,1.3,67.1,81.2,60,7
512,39,0.8,86.1,11.3,1.2,0.6,45.1,92,90.8,50
612,74,0.3,88.2,10.1,0.5,0.8,50.6,93.1,86.8,53
344,17,0,89.2,10.2,0.3,0.3,50.9,86.7,87.1,40
596,32,0.5,77.2,17,4.5,0.8,51.2,91.6,97.8,54
989,27,0.1,91.2,7.6,0.4,0.7,49.8,90.4,90.3,76
745,56,0.3,91.4,7,0.3,1.1,44.8,91.7,93,59
727,98,0.4,82.8,12.8,3.6,0.4,50.2,92.1,83.7,60
992,47,0.2,90.8,7,0.9,1.1,47.7,90.2,92.3,85
926,25,0.5,89.6,7.3,0.5,1.9,56.3,94,67.7,59
549,46,0.7,85.2,12.6,0.6,0.9,48.8,90.6,95.1,49
1194,132,0.7,90.2,6.7,1.3,1.1,47.6,92.2,73.6,98
1127,25,0.3,76,22.2,1.2,0.4,47.9,94.4,82.1,78
324,19,0,81.8,16.4,0.3,1.5,49.7,88.6,84.8,29
651,33,0.8,91.9,5.5,0.5,1.4,48.8,92.9,80,51
619,90,0.5,93.7,4.8,0.2,0.8,49.1,92.5,81,52
757,66,1.1,85.2,11.2,0.7,1.8,44.1,88.6,75.2,89
792,17,0.8,86.4,9.5,1.1,2.3,44.8,90.2,80.1,70
346,24,0.3,88.7,8.7,1.2,1.2,47.4,92.6,93,31
252,14,0.8,87.7,9.9,0.8,0.8,40.1,88.1,72,24
341,2,0,93,5,1.5,0.6,56.6,94,66.5,19
468,91,0.2,78.4,17.7,2.1,1.5,40.4,89.5,77.6,38
187,7,1.1,87.2,7,3.2,1.6,49.2,90.7,85,15
264,16,0,88.3,10.6,0.4,0.8,46.2,90.3,83.1,26
569,87,0.5,77.5,19.2,0.7,2.1,50.1,91.3,91.4,44
734,9,0.5,92.9,4.8,1.4,0.4,53.4,93.5,90.2,60
415,39,1,89.2,6,2.9,1,49.4,93.5,78.1,32
463,22,1.1,93.1,5.2,0,0.6,41.7,89.8,80.4,46
451,33,0,89.1,8.2,0.7,2,51.2,93.8,87.9,31
181,5,0,85.6,12.2,1.1,1.1,54.1,86.1,62,13
127,4,0,92.1,6.3,1.6,0,40.2,88,81.1,12
417,381,0.2,22.8,37.6,29.7,9.6,46.8,90.6,89.6,31
413,12,1.4,86,11.1,0.5,1,54.7,85.5,79.6,29
435,14,0.5,87.8,9.4,1.2,1.2,48.7,82.8,73,26
417,30,0.7,87,10.8,1,0.5,48.9,83.9,70.6,24
416,7,0.2,90.1,9.4,0.2,0,61.5,90.6,60.4,33
406,2,0,85.5,12.8,1.2,0.5,77.3,90.6,60.2,29
467,14,0.4,85.2,11.4,1.5,1.5,47.8,82.5,69.4,31
400,14,0.2,92.8,5.5,0.2,1.2,46.8,88.7,98.4,35
2263,71,0.4,88.5,8.8,1.3,1,74.5,85.2,62.7,141
1363,46,1.1,88.6,9,0.5,0.8,41.1,71.6,83.3,81
691,19,0.1,86.2,10,2.2,1.4,47.2,94,56.9,51
1116,74,0.3,91.1,4.8,1.4,2.3,45.4,90,60.3,82
840,65,0.6,84.5,10.6,1.1,3.2,50.1,92.7,68.9,64
1182,55,0.2,89.2,4.4,2.7,3.5,48,94.3,70.9,76
776,23,0.3,94.3,3.5,0.4,1.6,52.4,94.6,77.7,55
655,28,0.3,91.2,5.8,0.5,2.3,52.5,94.4,64,50
708,27,1.1,84.3,10.3,2.4,1.8,48.2,90.5,71.4,59
827,33,0.1,92.9,6.5,0.1,0.4,51.3,91.7,74.1,66
507,21,0.4,95.5,3.4,0.4,0.4,46.2,93.4,77.1,49
762,19,0.3,95,3.9,0.1,0.7,50.9,93.5,78.3,62
1387,13,0.2,95.3,2.7,1.2,0.6,54.1,95.4,45.3,83
978,22,0.1,96.3,2.8,0.2,0.6,47.3,94.2,62.1,80
246,12,0,92.3,5.7,1.2,0.8,44.3,90.1,83.4,30
622,24,0.2,96.1,3.4,0,0.3,43.9,93,78.6,47
752,40,0.9,79.5,14.4,3.7,1.5,49.6,90.5,82.4,71
876,45,0.2,94.3,2.3,1,2.2,48.5,93.8,49.8,62
739,15,0.1,91.9,4.3,1.9,1.8,48.2,94.8,44.3,59
1032,17,0.4,95,3.8,0.3,0.6,52.2,93,57.4,61
1256,0,1,93.3,5.2,0.5,0,44,59.8,41.7,62
2544,144,0.5,85.1,11.2,1.4,1.8,46,67.6,32.3,134
920,54,0.2,91.3,6.1,1,1.4,44.1,63.8,27.6,50
99,43,0,85.9,9.1,1,4,54.6,88,60,6
73,4,0,84.9,11,4.1,0,37,89.4,60,6
81,2,0,85.2,11.1,0,3.7,65.4,80.4,60,7
70,10,1.4,81.4,15.7,0,1.4,38.6,88.4,60,7
81,0,0,88.9,8.6,0,2.5,48.2,90.6,60,8
89,6,1.1,91,6.7,0,1.1,40.4,92.6,60,9
107,4,0,91.6,6.5,0.9,0.9,46.7,93.9,60,8
78,2,1.3,89.7,9,0,0,48.7,87.3,60,7
87,4,0,89.7,9.2,0,1.2,48.3,93.1,60,9
914,89,0.9,13.7,74,10.6,0.9,51.2,92.2,83.2,68
619,35,0,65.1,33.6,1.1,0.2,48.8,89.8,88.4,55
549,56,0.9,20.8,67.4,10.4,0.6,48.6,91,85,43
772,66,0.5,62.2,33.7,2.6,1,53.2,90.4,84.7,71
245,0,0,13.1,83.7,2.4,0.8,45.7,94.1,81.6,25
971,63,0,21.6,69,8.6,0.7,48.9,92.1,88.2,75
795,36,0.9,66,30.9,1,1.1,52.4,89.3,95.9,64
575,34,0.5,58.1,40.2,0.7,0.5,50.1,91.5,83.8,54
925,128,0.6,56.1,24.6,17.7,0.9,47.7,92.5,77.3,70
568,15,0.5,79.9,17.8,0.9,0.9,44.5,88.8,69.8,48
899,97,1,12.4,74,11.2,1.4,52.1,89.3,83.1,63
470,23,1.1,70,28.1,0.2,0.6,48.3,90.4,80.3,47
369,7,0,79.1,19.5,0.5,0.8,45.5,88.9,81,42
1030,49,0.6,66.8,31.2,0.8,0.7,50.3,89.6,91.1,80
499,11,0.2,83.6,15.8,0,0.4,46.7,91.9,81.9,43
1068,146,0.6,20.5,38,38.9,2.1,47.8,92.2,84.1,82
860,77,0.8,53.3,32.1,12.2,1.6,46.2,87.9,75.2,79
870,51,0.3,73,23,2.6,1,49.1,90.3,84,70
445,30,0.4,73.9,23.6,0.9,1.1,46.5,87.7,70.9,41
502,7,0.4,80.9,17.7,0.6,0.4,49.8,92.2,72.4,46
621,80,0.6,25.6,69.2,3.7,0.8,48.3,91.9,77.9,57
765,48,0.8,60.9,34.6,2.5,1.2,45.6,90.7,76.2,65
1002,77,0.5,33.2,61.4,4.2,0.7,49.2,88.5,95.2,85
730,37,0.4,77.4,20.7,0.6,1,47.3,88.6,80.8,71
248,6,0.4,75.8,21.4,1.6,0.8,56.4,93.1,74.3,20
630,46,0.8,59.8,37.5,0.6,1.3,49,87.3,99.7,66
723,50,0.7,48.8,45.5,3.7,1.2,47.3,90.8,93.1,64
806,22,0.6,73.7,19,2.8,3.8,49.9,92,69.5,66
411,4,0.2,71.3,22.1,2,4.4,51.3,91,62.8,31
2537,217,0.2,25.9,63.5,8.2,2.2,47.4,66.3,66.3,174
142,1,0,85.9,10.6,1.4,2.1,57.8,96,66.7,8
386,14,0.3,80.6,18.4,0.5,0.3,27.7,73,84.7,24
385,15,0.8,78.4,19.2,0.8,0.8,49.1,81,69.2,23
389,13,1.3,77.9,20,0,0.8,63.5,82.1,67.1,27
371,15,0.5,80.3,15.9,2.2,1.1,71.2,81.1,70.9,25
1664,14,0.8,69,24.5,4.6,1.1,20.1,86.9,71.6,102
1122,50,0.7,69.3,27.4,1.5,1.1,67,70.2,79,83
336,30,0.3,2.4,19.9,19.9,57.4,52.4,94.7,55.9,22
607,159,0.2,1.3,16.6,54.2,27.7,49.6,95,77.5,45
1132,209,0.4,41.3,32.6,18.9,6.8,44.3,92.8,91.2,95
814,377,0,0.7,14.4,73.7,11.2,46.9,96.5,83.3,62
1148,206,0.5,2.8,26.7,18,52,47.3,94.3,64.4,84
1270,168,0,6.5,22.5,16,55,48.2,94.3,46.7,77
1296,359,0.1,0.3,8.6,82.8,8.3,50.2,97.1,80.1,91
474,95,0,0.2,21.1,47.7,31,53.6,95.6,65.9,31
369,71,0,1.4,20.3,18.4,59.9,51.5,93.7,69.8,33
777,414,0,2.3,20,67.3,10.4,48.4,96,82.4,56
504,119,0,2,23.4,34.3,40.3,43.1,94.7,62.2,43
486,105,0.4,1.6,60.3,19.6,18.1,50.6,95.4,86.6,58
797,294,0.2,1.2,21.3,35.6,41.5,48.9,95.5,75,66
1106,203,0,0.8,18.8,51.6,28.8,51.1,96.1,70.2,78
934,307,1.1,7.2,30.4,34.3,27.1,47.6,94.3,84.3,64
779,150,0,3,14.9,41.1,41.1,48.4,94.6,56.4,62
793,122,0,0.6,13.5,15.8,70.1,46.4,94.6,34.5,50
869,243,0.4,0.7,20.9,37.7,40.3,46.1,94.7,63.6,68
994,13,0.1,0.9,6.7,60.9,31.4,50.1,97.5,51.5,60
488,171,0.8,4.5,49,20.5,25.2,41.4,94,79,58
1201,158,0.3,2.7,18.2,31.6,47.2,49.6,94.3,61.5,72
1797,113,0.2,1,17.4,42.4,39.1,47.4,94.7,52.5,100
976,111,0.2,0.1,11.7,35.4,52.6,48.6,95.4,62.4,64
940,217,0.6,1.6,20.5,47.3,29.9,47.2,94.9,76.9,84
1267,297,0.3,1.4,52.1,39.5,6.7,48.5,93.8,86.7,90
719,240,0.4,11.3,41,27.7,19.6,46,91.6,90.3,73
1384,357,0.1,1.7,29.8,47.2,21.2,44.4,93.4,84.7,111
600,79,0.2,0.8,10,42.8,46.2,47.8,95.6,40.7,36
662,145,0,0.6,11.5,43,44.9,52.9,95.2,68.7,49
1337,141,0.4,1.9,29.2,39.7,28.7,45.9,93.8,68.6,86
3000,424,0.2,9.3,32.6,24.1,33.7,43.8,87,59.9,170
1248,53,0.3,13.2,51.2,17.9,17.3,44.2,89.8,66.5,78
4462,410,0.2,6.1,34.8,27.4,31.6,44.8,89.6,19.4,208
768,300,0,1.4,80.9,14.2,3.5,49.6,94.8,87.5,70
3608,716,0.2,9.4,36.8,35.2,18.4,44.1,83.4,58.1,187
742,205,0.3,0.8,77.9,17.8,3.2,46.6,94.4,87.5,59
73,5,0,43.8,21.9,24.7,9.6,100,94.4,60,6
472,107,0,18.4,56.1,9.3,16.1,55.5,93.7,78.6,49
920,190,0.2,8.4,33,27.8,30.5,50.2,93.9,63.8,69
1132,168,0.3,16.1,19.2,32.8,31.7,48.1,92.3,68.1,89
788,200,0.6,1.3,14.7,52.9,30.5,50.8,95.7,57.6,51
1001,15,0.2,15.4,8.4,18.8,57.2,54.4,94.4,34.8,54
770,181,0,17.3,21.2,37.4,24.2,50.8,92.2,76.2,61
675,115,0,7.1,7.6,4.3,81,48.7,93.4,65.6,48
834,183,0,0.7,14.5,59.1,25.7,46.4,95.4,63.9,51
255,27,0.8,7.1,37.6,14.1,40.4,48.2,95,66.5,27
349,74,0.3,1.7,19.8,31,47.3,46.1,95,66.1,28
567,136,0.4,3,19,40.9,36.7,44.6,94.3,75,47
891,261,0,1.6,26.9,33.1,38.4,48.3,94.7,71.8,59
658,30,0.6,48.8,29.6,9.3,11.7,52.3,90.7,82.4,54
490,101,0.4,2.4,17.6,32,47.6,47.1,93.8,65.4,42
687,152,0,6.8,18.2,31.9,43.1,48.8,93.7,60.8,60
563,70,0.5,20.6,26.1,28.2,24.5,52.8,93.3,66.4,48
674,78,0.4,5.8,24.8,24.9,44.1,51,93.9,49.6,43
427,69,0,6.8,17.1,19.7,56.4,47.3,93.5,63.7,35
956,389,0.1,4.7,27.4,17.7,50.1,45.3,91.3,66.5,88
767,187,0.3,2.5,24.2,28.9,44.1,44.6,92.7,73,73
980,102,0.1,19.6,20.7,29.9,29.7,44.5,92.3,63,69
536,106,0.8,11.4,42.5,15.3,30,48.9,93.4,80.4,52
1252,0,0.2,8.1,6,28.2,57.6,51.9,95.4,34.1,80
566,167,0,0.7,52.1,37.3,9.9,47.7,95.2,86.1,48
1292,164,0.2,13.4,19.4,35.9,31.2,49.3,92.9,67.6,97
552,57,1.1,48.9,43.7,1.4,4.9,49.3,88.1,86.8,50
782,64,0.1,18.2,24.7,16,41,54.4,92.5,64.1,58
651,25,0.2,61.8,22.7,6.1,9.2,49.5,90,75.8,63
320,41,0.3,26.9,28.8,11.2,32.8,58.1,84.5,70.4,18
257,4,0.4,63,23.4,2.3,10.9,21,86.1,65.2,16
811,210,1.2,41.7,22.4,25.9,8.8,49.4,83.6,71.9,50
2628,360,0.4,37.9,22.3,15.8,23.7,41.4,83.7,38.7,155
165,9,0,21.8,21.2,6.7,50.3,53.9,93.5,63.1,12
4020,203,0.2,26.9,15.4,25,32.6,59.5,90.6,28.8,204
3216,282,0.2,29.9,20.8,32.9,16.1,52.3,83.8,37.6,155
53,6,0,45.3,43.4,0,11.3,54.7,78.2,60,7
48,13,0,25,41.7,14.6,18.8,39.6,77,60,6
735,61,0.3,63.7,16.6,10.2,9.2,47.8,89.7,81.5,66
738,103,0.3,24.2,13.7,7.4,54.3,45.8,92.7,66.3,60
1137,40,0.5,69.3,8,3,19.2,48.6,94,51.2,83
771,80,0.1,80.3,17.8,1,0.8,53.4,91.5,85.5,62
470,44,0.6,76.4,11.7,8.7,2.6,48.3,95.5,64.2,36
425,56,0.2,43.5,30.4,13.9,12,52.9,95.3,93.2,40
1134,275,0.4,42.9,30.1,18.2,8.4,49,94.7,78.9,75
777,82,0.1,70,16.6,8.1,5.2,51.9,93.8,74,57
846,108,0.6,53.3,13.7,15.2,17.1,48.2,93.8,62.2,64
451,27,0.2,52.8,25.3,15.7,6,49.9,92.3,82.3,42
383,41,0,5,1.8,1.8,91.4,44.9,93.6,15.6,25
474,91,0.6,25.3,19.8,12,42.2,50.4,94.3,61.4,46
684,19,0.7,92.7,5,1.6,0,48.7,94.4,60.5,51
935,38,0.1,84.2,9.7,2.2,3.7,50.4,94.6,73.9,71
1255,213,0,6,8.7,47.2,38.1,49.3,96,65.9,83
985,33,0.7,28,13.1,9.8,48.4,47.1,95.2,39.9,68
1189,307,0.2,16.2,23,48.8,11.7,49.7,94.3,78,92
864,26,1.3,20.4,12.4,13.8,52.2,49,94.6,44,72
1776,133,0.2,18.7,11,27.1,43.1,48.2,94.2,60.8,114
618,30,0,24,7,5.5,63.6,50.8,94.8,24.9,45
1472,63,0.1,74.4,8.1,13.6,3.8,49.9,94.3,46.6,96
183,18,0,81.4,14.8,1.6,2.2,54.6,93.7,55.3,14
668,37,0.6,82,10.2,3.9,3.3,54,92.7,74.4,52
589,125,0,9.2,10.4,41.4,39,53.8,95.3,63.5,44
719,186,0.1,8.5,15.3,22.4,53.7,44.4,94,62.2,61
538,59,0.4,90.3,6,2,1.3,51.7,93.9,81.6,46
421,11,0.5,5.5,7.1,4.3,82.7,48.9,94.7,39,31
1068,44,0.5,55.4,13.5,4.7,25.9,52.7,91.6,57.7,79
865,34,0.5,29,8.1,4,58.4,47.5,94.7,37.4,64
841,96,0.7,74.4,17.8,3.7,3.3,51.7,93.8,88.5,55
227,190,0,37.4,35.7,14.1,12.8,42.7,92.6,94.8,16
422,21,0,60.9,15.2,7.6,16.4,50.2,94.3,49.5,32
3762,112,0.2,39.6,9.3,27.1,23.8,55,93.2,19,181
3828,289,0.1,26.8,14.7,16.1,42.2,45.9,90.1,30.1,200
1025,9,0.1,16.7,8.3,12.1,62.8,53.8,93.1,23.3,53
762,24,0.8,77.4,20.6,0.4,0.8,49,89.9,87.2,62
557,12,0.5,87.8,10,1.1,0.5,48.3,90.4,85.5,49
572,45,0.5,73.6,25.7,0,0.2,47.4,85.3,96.7,46
630,86,0.2,64.3,34.4,0.6,0.5,48.9,90.3,91.3,58
904,28,0.4,82.6,15.7,0.9,0.3,51.2,91.5,91.4,60
672,8,0.3,91.1,7.7,0.3,0.6,44.5,90.9,81.6,54
653,21,1.1,85.9,11.2,0.8,1.1,47.9,91,85.4,47
724,22,0.7,88.4,9.4,1.1,0.4,47,88.7,77.8,58
513,17,0.8,78.2,20.5,0.4,0.2,41.7,89.1,86.2,44
673,24,0.3,80.5,19.2,0,0,48.7,88.9,76.4,57
618,15,0.3,86.6,12.5,0.3,0.3,52.4,88.4,99.2,62
538,14,0.2,86.1,13.8,0,0,50.4,91.2,89.8,41
777,25,0.1,83.5,14.9,0.6,0.8,52,89.3,87.4,53
570,37,0.7,64,34.2,0.4,0.7,49,86.4,77.6,43
296,0,1.7,79.4,15.2,3.4,0.3,59.8,95.8,86,17
409,2,0.2,87.3,10.8,0.5,1.2,57.2,89.5,67,25
258,1,0.4,87.6,9.7,1.6,0.8,51.6,93.2,94.6,21
159,4,0.6,85.5,10.7,2.5,0.6,45.9,94.1,69.1,14
515,28,0.6,56.9,41.6,0.8,0.2,54,71.1,66.3,32
1505,253,0,2.6,53.8,39.9,3.8,48.1,94.9,73.7,112
1204,398,0.5,0.4,42.6,48.1,8.4,45.8,96,71.5,75
1287,407,0.5,11,44.1,35.5,8.9,50.7,94.8,68.6,81
1319,442,0.2,5.9,78.8,10.8,4.3,46,93.9,75.7,103
1369,291,0.1,0.7,81.8,15.3,2.1,50,95.9,82.3,88
1997,1114,0.1,0.2,90.5,8.1,1,50.1,95,73.5,137
497,30,0,1,29.8,16.9,52.3,48.1,95,37.3,35
949,131,0.5,1.8,31.7,32.8,33.2,50.4,95.5,50.2,68
2054,421,0.1,6.7,80.7,10.8,1.7,47.2,92.7,80.7,143
832,180,0.1,3.2,79.1,4.6,13,47.2,92.9,72.3,71
964,196,0,1.4,49.9,4.6,44.2,48.3,93.3,56.4,75
1676,262,0.1,1.6,60.7,26.1,11.6,47.7,94.4,67.6,122
1184,167,0.3,4.7,70.7,8.9,15.4,47,92.4,66.1,89
1208,225,0.7,1.4,81.5,8.8,7.6,46.5,94.4,77.3,93
617,50,0.8,2.4,37.4,5.7,53.6,45.2,93.5,56.4,55
1025,183,0.4,2,51.2,6.7,39.6,47.5,93,57,92
1618,665,0.2,0.2,75.1,19.3,5.1,50.6,95,81.4,122
863,81,0.5,2.3,43,5.6,48.7,48.8,93.1,52.1,78
1326,149,0.4,2.6,68.7,8.1,20.2,46.8,92.9,72.1,88
823,196,0.2,1.3,33.4,57,8,47.9,96,67.7,61
517,18,0,1.9,29.2,6.6,62.3,45.8,94.4,54,37
1108,43,0.2,2.4,33.8,9.8,53.8,49.6,92.2,42.8,68
1679,330,0.1,2.6,55.3,35.1,6.9,47.8,95,71.5,118
395,11,0.2,1,16.7,5.1,77,49.1,95.2,19.4,30
1233,497,0.2,1.9,90.4,5.8,1.9,49,95.3,90.7,96
1375,169,0,1.3,47,6.6,45.1,49.2,93.9,43.9,82
991,420,0.8,1.2,57.9,27.8,12.3,49.6,94.9,71.2,74
1284,164,0,2.9,37.7,31.5,27.9,49.8,94.9,51.3,91
792,227,0.2,3.3,78.5,6.9,11,50.2,93.2,82.2,62
331,33,0.6,10.6,55.3,16.9,16.6,54.7,92.8,55.9,18
330,35,0.3,13,54.8,12.7,19.1,57.3,90.4,68.3,20
3400,302,0.2,8.2,64.2,22.7,4.7,43.4,81.3,27.5,175
2946,230,0.2,3.8,66.9,6.2,22.8,47,79.2,43.2,152
544,75,0.4,11.2,66,9,13.3,48.2,90.1,58.9,37
472,352,0,2.8,47.9,35.2,14.2,52.5,93.5,76.3,35
769,59,0.1,6.9,85,6.5,1.4,57.2,85.5,62.6,49
1176,56,0,13.2,67.2,8.9,10.7,39.1,83.7,34.9,85
1981,67,0,7.6,59.8,22.2,10.4,15.4,93.6,61.7,123
463,139,0,3.2,48.2,46.4,2.2,47.7,96.9,75,32
1280,408,0.2,4.4,27.5,63.8,4,50,95.8,74.6,84
897,204,0.1,4.1,29.1,55.3,11.4,47.2,95.5,67.8,72
690,244,0.1,2.2,26.4,65.9,5.4,47.7,96.3,71.2,52
669,258,0,5.4,18.1,72.4,4.2,45.3,96.3,64.5,51
1021,97,0.2,2.4,22.6,45,29.8,49.3,95.2,34.7,63
623,174,0,2.9,44.3,33.1,19.7,46.9,94.5,62.5,36
560,95,0.2,2,20.4,60.2,17.3,47.1,96,50.4,37
839,71,0.4,0.2,13.7,30.2,55.5,47.2,95,26.3,56
886,109,0.3,0.9,26.4,47.9,24.5,45.3,95.5,42.5,67
788,224,0.4,0.8,19.9,74.8,4.2,49.9,96.3,66.9,52
889,174,0.2,2.4,44.3,28,25.1,52.9,94.5,61.8,64
612,153,0.2,13.7,20.9,54.9,10.3,50.2,94.8,64,42
482,101,0,2.5,14.3,76.8,6.4,48.1,96.3,59,37
620,94,0.2,9.7,31,23.9,35.3,51.4,95.3,63.3,50
616,96,0,17.9,22.1,40.4,19.6,44.5,94,60.7,60
376,36,0.3,3.2,13.3,38.8,44.4,49.7,94.6,20.2,27
453,39,0,0.7,15.4,32,51.9,52.8,96.3,23.7,30
1009,142,0,4.3,32.9,44,18.8,50.7,93.4,60.6,65
752,131,0.3,4.6,30,59.3,5.7,49.2,95.9,70.6,51
535,51,0.2,0.8,14,14.8,70.3,46,94.7,18.9,39
1073,62,0.2,0.9,22.1,31.2,45.6,48.8,94.9,33.8,64
541,32,0.9,19.4,33.1,15.2,31.4,49.2,92.1,68.4,50
358,46,0.3,48,29,16.2,6.4,45.5,92.4,78.5,40
532,39,0,1.7,11.6,40.2,46.4,45.7,95.9,17.1,34
383,59,0,10.4,29.2,49.9,10.4,48.3,95.2,67.5,31
610,50,0.5,19.5,32.6,29.5,17.9,48.7,94.1,65.4,59
1058,175,0.3,8.1,24,62.1,5.5,43.7,94.6,70.7,79
440,35,0.2,22.5,23.2,36.1,18,46.6,92.7,55.7,26
242,10,0.4,14,25.6,44.6,15.3,50,95.9,41,15
382,339,0,2.1,59.4,38,0.5,47.6,91.8,83.4,25
187,25,0.5,3.7,24.6,40.1,31,54,96.3,55.7,12
3049,337,0.4,23.9,47.5,23.3,4.8,51.2,80,70.7,177
2604,273,0.2,20.2,55.6,19.8,4.2,46.3,83.5,61.7,147
476,18,0.6,43.3,17.4,32.6,6.1,48.5,96.8,32.5,28
1093,0,0,7.4,11.8,50.8,30,70.8,97.3,25.4,55
604,30,0.3,15.7,33.3,21.8,28.8,48.8,89.9,27.7,31
505,51,0.4,8.7,15.8,61.8,13.3,50.1,96.5,26.1,28
617,50,0.5,10.5,11.2,63,14.8,48.8,95,32.9,46
549,102,0.2,8.6,18.8,53,19.5,47.7,96.3,38.4,35
427,32,0,2.8,14.3,42.9,40,44.7,95.6,21.2,26
403,36,0,7,14.4,58.3,20.4,45.2,96.4,27.7,41
946,38,0.2,3.8,8.9,53.1,34,46.9,96.7,15,52
1023,56,0.1,7.1,9.7,63.3,19.8,50,96.6,26.5,59
432,44,0,2.8,14.4,47.9,35,46.3,95.8,15.1,28
260,5,0,2.3,9.2,28.8,59.6,49.6,96.2,9.6,15
440,53,0,10,12.3,64.1,13.6,48.4,95.8,30,39
501,41,0.4,6.6,19.4,53.9,19.8,43.3,96.2,35.2,44
1144,91,0,7.6,13.6,57.9,21,48.6,96.8,33,68
522,68,0,1.5,14.6,42.5,41.4,48.3,95.7,26,36
732,86,0,2.2,9.2,66.3,22.4,49.9,97.1,29.5,42
1084,41,0.4,11.9,15.9,49.7,22.1,48.6,96.2,31.2,62
779,72,0,2.2,8.6,64.4,24.8,45.3,96.9,34.6,47
440,17,0,9.8,13.4,29.6,47.3,44.1,96.4,25.7,32
304,5,0.7,13.2,19.4,37.5,29.3,50,95.5,21.6,32
439,17,0,4.1,9.6,53.1,33.3,43.7,97.2,8.6,26
349,47,0,4,8.3,68.8,18.9,49,96.4,41,19
749,102,0.3,1.7,6.5,71.2,20.3,54.3,97,18.9,46
278,14,0,7.2,8.6,46,38.1,46.8,96.7,23.5,19
425,50,0.2,5.2,12.2,61.9,20.5,43.3,96.7,26.3,37
1250,111,0.2,11.8,12.6,62,13.5,47.8,96.3,43.3,70
640,65,0,1.2,8.3,66.4,24.1,51.9,96.7,17.5,40
669,10,0.8,10.5,13.8,39,36,48.4,96.2,16.5,47
3902,182,0.2,18.1,15.6,46.1,20,52.9,90.5,17.4,201
4472,508,0.1,12.1,23.3,48,16.6,50.1,91.3,26.7,221
3157,184,0.8,61.1,14.5,20.5,3.2,48.2,85.7,29,154
4072,354,0.1,15.4,17.3,48.5,18.7,52.3,90.1,35.1,199
1114,21,0.4,40.8,15.5,26.8,16.4,54.7,91.8,27.3,69
789,29,1.1,76.3,17.9,2.5,2.2,46.6,88.8,85.7,74
1374,37,0.4,68.4,26.4,2.9,1.8,48.4,91.5,79,108
417,13,0.5,82.7,10.8,4.6,1.4,48.2,93.4,66.7,40
250,3,0.8,8,9.2,2.8,79.2,48.4,93.6,44.6,20
645,71,0.5,62.8,33,2,1.7,49,89.4,85.2,50
471,75,0.6,9.6,34.8,45.9,9.1,48.4,95.2,66.7,32
1127,176,1.1,6.9,68.9,18,5.1,51.1,92.8,64,82
976,129,0.3,6,28.7,62.8,2.2,49.9,94.7,67.6,69
1280,157,0,7,51.5,31.6,9.9,49.4,93.4,64.1,96
691,147,0.3,7,47.8,42.3,2.8,48,93.3,69.6,47
565,60,0,8.8,42.3,42.3,6.6,45.3,94.1,67.4,44
426,96,0.7,7.5,65,16.4,10.3,50.9,93.7,75.6,31
845,188,1.4,9,58.1,28.2,3.3,47.6,93.3,66.6,65
271,20,3,44.6,18.1,32.1,2.2,46.5,92.6,73.9,23
715,154,0.3,3.2,70.2,22,4.3,45.4,93,86,57
1055,84,0.3,8.2,32.5,56.2,2.8,48,93.9,85.6,81
619,29,0.6,68.8,25.2,4,1.3,47.3,91.3,78.5,56
895,62,0.6,67.4,29.2,1.4,1.4,50.1,90.2,79.5,75
413,18,1.4,78.9,11.9,4.1,3.6,50.8,92,78.9,37
1296,81,0.5,6.6,30.1,60,2.8,48.8,94.9,59.9,88
824,23,0.1,3.5,5.3,2.2,88.8,47.1,94.1,16.5,54
612,32,1,73.9,12.6,9.5,3.1,51.5,92.1,77.2,52
1142,34,0.4,35.6,20.5,40.8,2.7,52.3,94.5,70.9,69
1850,120,0.5,9.7,34,52.3,3.6,49.2,92.1,67,122
604,30,0,4.1,25.3,3.8,66.7,44.4,94.2,39,48
663,53,0.8,45.4,22.8,30,1.1,51.7,94.3,68.6,50
659,31,1.5,66.6,22.9,5.3,3.6,51.8,90.3,81,51
479,41,1.2,54.7,40.5,1,2.5,50.9,93,87.7,49
1144,75,0.2,10.9,40.6,30.2,18.1,49.6,90.8,50.5,83
748,5,0.5,3.7,12.2,4.6,79,50.8,94.4,32,62
2021,200,0.2,6.8,60.6,27.3,5.1,47.8,91,63.1,133
596,93,1.5,50.8,43.3,2,2.4,45.8,90.9,81,49
695,27,1.3,77.7,10.1,9.6,1.3,49.8,93.1,70.5,58
630,68,1,42.7,36.8,2.5,17,45.4,87.1,65.6,58
1667,50,1.3,49,19.5,28.8,1.4,46.9,90.1,58.3,112
795,40,0.4,8.6,38,13.6,39.5,47.3,93.7,46.4,57
497,85,1.8,55.9,38.2,1.4,2.6,48.1,91.8,81.9,49
593,84,0.7,6.6,62.4,22.3,8.1,47,93.3,71,47
344,9,0.9,72.4,18.6,6.4,1.7,52.6,82.5,68.2,23
226,20,1.3,15,61.5,17.3,4.9,54,91,70.5,15
158,1,0,75.3,18.4,3.2,3.2,56.3,96.4,76.3,8
363,0,0.6,81.8,14.9,1.9,0.8,54,94.5,93.3,29
1366,57,0.4,80.4,11.6,6,1.6,43.6,81.8,75.8,79
1792,68,0.8,53.1,31.8,3.9,10.4,42.6,79.7,65.5,115
843,20,0,60,35,3.4,1.5,51.7,76.4,72.7,63
3587,331,0.8,14.9,52,28.5,3.8,48.6,79.2,34.4,173
3259,83,0.7,28.1,39.3,26.4,5.6,46.3,75.3,66.1,180
384,2,0.3,9.6,47.9,27.6,14.6,32.8,94.7,63.8,24
907,49,0.6,65.8,18,14.9,0.8,47.6,90.8,61.1,77
575,18,0.7,85.6,7.6,1.9,4.2,44.4,93.3,61.5,49
522,36,1,76.4,16.5,4,2.1,50.8,89.7,88.8,37
352,21,1.1,78.1,12.2,7.1,1.4,51.1,91,72.5,28
832,107,1.9,36.3,40.4,16.6,4.8,52.3,93.5,92.1,64
542,94,0.9,8.5,47,40.8,2.8,47.2,93.4,75.4,43
710,46,0.8,13.4,30.6,52.8,2.4,45.9,93.3,65.8,51
742,22,0.5,63.9,14,20.8,0.8,44.9,91.8,64.3,60
622,33,0.6,86,7.9,2.2,3.2,47.3,92.7,56.4,63
573,134,0,8.4,50.1,39.1,2.4,49,93.7,89.2,48
897,203,0.1,18.2,42.5,36.2,3,51.1,94.6,74.3,63
752,121,0.4,7.8,36,31.8,23.9,47.9,94.8,60.2,49
612,40,0.3,3.4,14.2,34.8,47.2,48,95.1,17.3,43
1125,189,0.1,13.9,29.4,40,16.6,49.9,93.7,71.6,73
942,30,1.5,24.5,14.2,56.3,3.5,48.9,94.3,77.2,71
788,127,0,3.2,26.4,35,35.4,48.1,95.2,49.3,48
738,24,0.7,83.9,12.3,1.6,1.5,50,91.7,65.4,54
697,34,0.1,7.9,16.1,37.9,38,49.2,94.8,23.9,55
763,44,2.9,70.5,14.9,9.2,2.5,49.8,92.9,89.1,58
784,90,2.3,10.7,20.2,64.2,2.7,48.8,94.6,84.3,63
572,84,0.2,4,20.8,38.6,36.4,47.7,94.8,38,41
622,55,0,3,17,15.8,64.2,46.8,95.2,63.2,43
703,59,0.1,3.3,13.5,39.1,44,47.8,95.9,14.6,39
644,91,0.8,24.2,26.4,21.6,27,45.6,94,60.6,52
1213,159,0.6,15.2,43.9,36.3,4,45.1,91.7,69,88
471,124,0.2,7,25,26.3,41.4,40.8,94.7,60.4,46
162,0,2.5,71,10.5,14.2,1.8,46.9,97.3,51.9,8
3641,369,0.4,10.1,29.5,22.6,37.4,49,89.8,21.9,186
1787,136,0.7,61.6,17.5,19.1,1.1,48.3,81.4,24.4,118
3349,259,0.5,48,22.4,26.8,2.2,58.1,84,32.7,177
2724,26,0.4,28.5,25.2,40.2,5.8,32.6,92,33.4,139
371,0,0,17,9.2,61.2,12.7,52.6,96.7,24.3,26
559,5,0.5,76.9,15.2,5,2.3,52.2,88.3,43.2,35
443,7,0.2,93.7,3.6,1.1,1.4,49.9,94.3,62.1,31
1083,160,1.4,27.2,27,38.7,5.7,50.3,94.7,58.3,75
490,46,0.4,79.2,14.9,4.5,1,45.9,93.1,88.8,40
643,68,1.2,46.7,27.1,23.5,1.6,49.9,93.2,60.2,47
484,15,0.2,91.3,4.8,1.4,2.3,46.7,92.9,63.4,33
558,18,0.5,91.2,6.4,0.7,1.1,48.8,91.5,65.8,44
348,11,0.3,89.9,5.2,2.6,2,50.6,94.1,71.8,31
607,25,0.3,88,7.1,3.3,1.3,47.9,92.1,73.3,47
884,9,0.6,93.1,4.8,1.1,0.4,47,92.9,50.7,69
1254,219,0.3,17.6,39.6,38.9,3.6,51,94.8,77,86
1470,80,1.3,49.4,19.7,27.8,1.8,49.1,91.5,50.6,93
895,68,0.9,77.3,14.4,6.2,1.2,53.4,91.7,78.4,63
662,29,0.2,87.6,8.2,1.8,2.3,49.2,92.4,88.1,55
694,197,0.3,18,8.6,63.7,9.4,52.2,94.6,79.9,51
414,8,0.2,93,5.1,0.7,1,51.4,94.1,56.6,31
461,43,0.9,85.5,8,3,2.6,49.5,92.1,66.8,39
1199,87,1.9,38,23.3,33.1,3.8,49.5,94.9,76.7,91
710,30,0.4,93.5,3.5,1.1,1.4,49.7,92.8,62.2,48
931,43,0.3,87.5,8.7,1.7,1.7,46.9,93.2,66.8,68
908,27,0.3,92.4,4,1.6,1.6,48.4,93.8,58,64
787,17,0.1,94.3,3.4,0.9,1.3,46.9,94.6,52.9,58
623,6,0.2,95.2,2.7,0.8,1.1,53.8,94.8,73.7,43
504,14,0.4,92.1,4,1.4,2.2,40.7,91.8,71.8,39
612,22,0.3,93.5,4.7,1.5,0,48.7,94.4,70.2,46
712,9,0.1,90.6,4.1,2.2,3,49.9,93.1,61.3,51
725,8,0.1,76.6,9,11.7,2.6,52.4,95.4,37.8,51
759,14,0.8,92.8,4.2,1.4,0.8,47,90,47.8,56
1504,124,1.2,46.8,26.1,24.9,0.9,51.3,90.7,66.8,103
268,5,0.4,85.4,8.2,4.8,1.1,48.5,87.3,46,16
391,13,0.3,89.8,6.9,2.8,0.3,51.4,87.2,69.8,23
505,28,1.4,59.6,16.8,19.2,3,50.5,94.8,63,43
623,7,1.1,94.7,1.8,1.3,1.1,52,96.1,34.8,39
402,13,0.5,70.9,17.7,8.7,2.2,54,90,51.8,21
171,24,0.6,33.3,40.4,18.7,7,46.8,93.8,55.7,18
515,19,1.2,80.4,8.9,9.1,0.4,39,87.8,30.9,30
535,6,0.8,79.6,13.8,4.9,0.9,55.5,85.9,31.5,25
507,17,1,82.6,10.1,4.9,1.4,36.1,86.5,24.5,32
503,11,1,85.7,8.8,3.2,1.4,52.3,85.5,50.6,28
632,125,0.3,2.5,41.1,16.5,39.6,49.8,94.6,64.3,48
885,127,0.3,7.9,45.8,27.2,18.8,46,93,91.4,63
1175,318,0,1.1,42.5,41.7,14.7,50.6,95.4,69.4,79
699,239,0.1,8.9,52.9,20.5,17.6,49.1,94.9,77.4,59
1230,340,0.6,1.4,41.9,42.2,14,49,95,62.3,75
1071,193,0.1,1.8,43,21.1,34.1,47.2,95.3,70,78
663,76,0.4,30.3,52.2,6.8,10.3,47.4,92.9,76.7,75
251,47,1.2,8.4,39,13.2,38.2,49.8,94.1,57.7,29
381,81,0.3,2.1,38.3,16,43.3,50.4,94.5,71.1,35
460,82,0.9,1.7,38.5,22.6,36.3,44.6,94.6,69.2,36
822,410,0.1,6.4,88.1,3.8,1.6,47.4,95.5,89.4,64
412,52,0.5,50.5,39.8,3.2,6.1,50.2,89.5,91.4,51
535,116,1.3,18.5,47.5,25,7.7,47.1,93.2,88.3,45
1364,84,0.3,6.7,25.9,32,35,50,95.4,52.7,85
646,86,0.5,18.7,56.2,18,6.7,47.1,89.2,83.3,60
1159,270,0.1,26,62.6,9.1,2.3,48.6,93.5,92.3,78
1030,95,0.3,4.8,42.6,22.2,30.1,45.6,93.2,62.5,73
1880,249,0.1,3.4,85.7,8.8,2,49.1,94.4,75.2,131
1140,281,0,2.7,80,13,4.3,50.4,93.7,70.4,84
1120,299,0.1,0.4,84.6,10.4,4.5,50.6,95.3,77.9,84
1232,261,0.3,2.8,46.1,35.4,15.3,50.6,95.2,66.1,94
581,136,0.2,16,47.8,21.5,14.5,46.3,92.5,74,59
1267,436,0.4,0.9,44.2,45.9,8.6,49.5,95,74.8,83
1100,317,0.4,4.6,45.6,29.1,20.2,50.2,95.5,77.4,76
699,100,0.3,19.3,46.9,24,9.4,51.5,92.4,93.4,65
883,138,0.2,21.7,53.4,18.6,6,47.1,92,79.2,74
737,172,0,2.3,72.6,15.2,9.9,53.7,95.1,75,47
1472,32,0.1,16.8,35.2,17.3,30.5,50.3,95.1,50,96
981,137,0,2,51.3,39.9,6.8,45.6,94.8,75.2,68
693,227,0,4.8,43.9,26.1,25.2,51.5,94.5,81.1,59
129,53,0.8,0,63.6,27.9,7.8,53.5,95.5,91.8,13
159,0,0,5,52.8,22,20.1,100,97.7,73.4,11
3161,419,0.2,9.4,48.3,26.6,15.4,46.7,85,33.2,185
3337,279,0.1,13.6,57.2,16.2,12.9,48.2,82.2,60.3,201
613,6,0.3,22.2,28.2,9.3,40,68.7,92.2,18.8,44
974,89,0.5,16.4,56.4,14.3,12.4,36.8,86.2,56.7,59
1016,227,0,4.7,56,33.4,5.9,46.8,91.1,73.4,64
625,0,0.2,10.9,32,31.4,25.6,55.8,93.4,41,34
553,18,0.7,0.5,9.8,1.4,87.5,51,94.5,16.2,35
952,43,0.5,7.1,23.5,5.8,63,50.2,89.9,47.6,68
795,25,0.1,0.5,5.7,3.9,89.8,49.3,94.2,12.7,48
779,26,0.6,1.7,13.7,7.6,76.4,44.7,93.4,26.8,72
225,8,0.9,0,8,1.8,89.3,43.6,94.3,14.5,16
895,33,0.6,1,9.6,2.7,86.2,48.2,94.5,15.6,63
1192,6,0.3,1.3,6.5,4.9,87,48,93.4,16.8,72
441,24,0.4,1.4,13.4,3,81.9,48.3,93.9,24.3,33
283,31,0.4,19.8,32.2,5,42.8,44.9,93.1,56.4,25
736,69,0.4,22.2,34.9,13.7,28.8,52.2,94.1,69.3,49
576,41,0.2,45.5,46.7,1.6,6.1,48.3,88.3,84,50
1043,167,0.8,31.4,54.6,5.9,7.3,48.7,90.4,68.6,81
541,62,0.6,47.9,46,1.1,4.4,47.1,89.5,84.2,54
660,98,0.9,19.2,55.9,6.7,17.3,48.2,94.2,71.7,46
425,152,0.2,22.8,68.9,2.1,5.9,47.8,93,91.1,32
524,127,0.8,26.9,56.1,4,12.2,51,91.7,79.6,40
1227,145,1,24.4,40.6,11.6,22.4,50,92.8,60.5,85
563,31,0.5,2.3,11,3.2,83,46.4,94.5,19.6,38
1533,10,0.3,1,9.4,3.8,85.4,47.3,92.7,19.5,93
183,17,0.6,7.6,29,6.6,56.3,51.4,94.5,58.1,17
926,66,0.3,24.1,39.3,7.9,28.4,42.3,90.2,48.3,82
582,24,0.5,11.7,15.3,15,57.6,48.4,94.9,36.7,40
817,25,0.4,4.6,17.1,7,70.9,45.3,94.6,23.9,56
520,32,1.2,55.4,30,2.5,11,45,90.6,83,42
890,29,1,1.2,8.9,3.8,85.1,47.3,94.3,17.7,54
1180,17,0.4,1,6.1,3.4,89.1,51.1,93.3,18.4,67
351,23,0,20.8,18.2,12,49,47.3,94.2,32.5,20
953,15,0.5,0.5,5.5,3.9,89.6,49.1,94.5,15.3,62
378,46,0,4.5,24.3,5,66.1,47.6,93.5,62.4,35
472,38,0.2,3.2,23.9,12.5,60.2,49.8,94.1,58.6,32
649,63,0.5,2.6,22.5,5.9,68.6,48.7,94.4,45.8,48
983,22,0.2,0.7,8.2,4.1,86.8,49.3,94.2,20.2,70
837,60,0.6,51.6,37.3,2.8,7.8,49.7,89.9,75.3,75
999,39,0.4,23.2,30.7,6,39.6,49.2,92.9,47.7,61
297,27,0.3,15.5,26.6,8.1,49.5,47.8,93.1,53,27
298,0,1.7,14.8,16.1,13.8,53.7,58.4,93.8,19.5,19
415,46,0.5,5.8,13.5,21.9,58.3,48.9,94.6,32.8,24
939,74,0.3,43.4,29.7,9.8,16.7,47,89.1,67.1,83
592,44,1,2.2,10.1,6.8,79.9,49.2,93.6,25.6,45
1175,76,0.3,23.3,41,8.2,27.2,48.8,90.3,51.7,84
643,71,0.2,3.1,16.5,8.9,71.4,47.3,93.3,39.2,54
705,21,0.6,1.7,7.9,3.6,86.2,44.3,93.2,19.1,57
852,87,0.4,6.5,18.2,34.2,40.8,50.5,94.5,37.1,57
703,10,0.3,0.8,7.2,5,86.6,49.9,94.4,13.1,48
765,12,0.8,1,7.4,3.4,87.3,48.6,94.7,21.9,51
657,41,0.9,59.2,27.7,3,9.1,48,91.3,82.6,73
751,78,0.1,5.1,20.5,20.8,53.5,46.2,94.2,37.1,56
902,66,0.2,5.3,21.3,9,64.2,47.2,93.6,55.9,71
1352,63,0.6,38.6,29.5,4,27.3,55.6,91.6,55,92
852,51,0.2,4.7,18.9,16,60.2,50.6,93.9,34.1,66
1847,87,0.1,17,20.6,18.5,43.8,48.6,91.5,42.3,114
1347,9,0.1,2.7,10.4,6.9,80,48.6,93.5,18.6,82
2308,115,0.4,16.8,21.4,7,54.4,48.3,87,35.4,120
2499,152,0.2,27.8,33.1,7.5,31.3,49.5,84.3,39.1,133
2851,189,0.5,36.4,29.8,6.3,26.9,52.9,84.4,48.5,155
3848,53,0.1,2,9,6.1,82.8,49.9,89.8,8.3,183
3358,109,0.3,12.6,20.8,14.8,51.6,49.6,87.5,20.2,168
761,20,0.3,43.2,29.8,4.2,22.5,33,86.7,41.2,61
912,1,0,1.6,4.2,20.5,73.7,45,96.2,7.1,51
744,68,0.5,62.1,35.5,0.5,1.3,48,89.5,92.4,62
623,60,0.2,24.9,70.5,2.2,2.2,50.4,90.1,80,56
539,124,0.2,3.9,89.6,3.9,2.4,50.8,93.8,86.5,45
613,63,0.5,20.9,75.7,0.6,2.3,50.7,90.5,94.1,53
495,73,0,8.9,85.9,2.6,2.6,50.7,92,92.6,45
986,158,0.2,6.5,88,4,1.3,48.7,92.4,96.6,69
981,58,0.3,5.2,92.5,1.3,0.7,48,92.6,93.7,82
452,65,0,22.6,73.7,0.2,3.5,46.9,92.3,85.6,43
731,81,0.3,7.7,85.5,4.9,1.6,49.2,90.7,97.6,64
810,100,0.4,18.5,77.5,1.6,2,47.6,90.6,98.5,69
830,64,0.6,32.6,64.7,0.6,1.4,49.8,89,93.4,74
618,39,1,45.5,51.8,1.3,0.5,47.6,89.6,84.4,64
531,48,2.1,55.6,38.8,0.8,2.8,52.2,88.5,82.7,41
553,48,0.5,10,87.9,1.3,0.4,53,90.6,89,51
526,33,0.6,14.4,83.3,1,0.8,48.3,90.7,89.4,49
572,161,0.4,8.9,86.7,1.9,2.1,51.4,93.4,82.6,45
872,93,0.1,17.6,79.1,0.8,2.4,50.8,91.6,80.1,70
1228,7,0.2,70.6,24.3,4.3,0.6,53,94.9,54.9,66
684,135,0.4,25.7,71.8,0.9,1.2,48.4,93,97.7,58
201,33,0,27.9,71.6,0.5,0,52.7,82.5,67,12
648,71,0.3,11.3,87,0.6,0.8,52.9,82.2,82.1,47
435,69,0,27.4,72,0.2,0.5,52.4,81,86.3,35
395,64,0.8,29.9,66.3,2,1,37.5,82.1,80.9,33
484,80,0,34.1,62.8,1.6,1.4,52.3,78.8,77.6,33
458,105,0.2,16.6,81.4,1.3,0.4,58.1,80.7,86.6,35