pop90,blackpop_pct1990,college_pct,hs_pct,unemp,income,poverty,blackCandidate,blackTurnout
11187,0.22034505,0.05486057,0.242246553,0.159999996,12653,0.389999986,0,44.86052704
11187,0.22034505,0.05486057,0.242246553,0.159999996,12653,0.389999986,0,29.24872398
1296,0.031635802,0.145434052,0.245772272,0.039999999,24457,0.159999996,0,65.51724243
1296,0.031635802,0.145434052,0.245772272,0.039999999,24457,0.159999996,0,53.33333206
1296,0.031635802,0.145434052,0.245772272,0.039999999,24457,0.159999996,0,17.4418602
1296,0.031635802,0.145434052,0.245772272,0.039999999,24457,0.159999996,1,16.33466148
1222,0.062193125,0.037671234,0.41438356,0.07,30789,0.129999995,0,75.17730713
1222,0.062193125,0.037671234,0.41438356,0.07,30789,0.129999995,0,48.78048706
1222,0.062193125,0.037671234,0.41438356,0.07,30789,0.129999995,0,41.81415939
640,0,0.066518851,0.321507752,0.090000004,18235,0.25999999,0,55.56884384
640,0,0.066518851,0.321507752,0.090000004,18235,0.25999999,0,0
640,0,0.066518851,0.321507752,0.090000004,18235,0.25999999,0,0
640,0,0.066518851,0.321507752,0.090000004,18235,0.25999999,0,0
49188,0.312067986,0.099551544,0.24409245,0.109999999,18546,0.289999992,0,52.97652054
49188,0.312067986,0.099551544,0.24409245,0.109999999,18546,0.289999992,0,41.56428146
49188,0.312067986,0.099551544,0.24409245,0.109999999,18546,0.289999992,1,20.14288712
49188,0.312067986,0.099551544,0.24409245,0.109999999,18546,0.289999992,1,33.93783951
49188,0.312067986,0.099551544,0.24409245,0.109999999,18546,0.289999992,1,33.70359039
49188,0.312067986,0.099551544,0.24409245,0.109999999,18546,0.289999992,1,30.17067146
4236,0.316572249,0.084706657,0.272577465,0.090000004,14039,0.430000007,1,66.72299957
4236,0.316572249,0.084706657,0.272577465,0.090000004,14039,0.430000007,1,9.669811249
4236,0.316572249,0.084706657,0.272577465,0.090000004,14039,0.430000007,1,54.35614014
4236,0.316572249,0.084706657,0.272577465,0.090000004,14039,0.430000007,0,48.95173264
830,0,0.084459461,0.368243247,0.090000004,24205,0.159999996,0,0
830,0,0.084459461,0.368243247,0.090000004,24205,0.159999996,0,0
830,0,0.084459461,0.368243247,0.090000004,24205,0.159999996,0,0
3079,0.349788904,0.090703972,0.267599285,0.159999996,15486,0.370000005,0,78.19731903
3079,0.349788904,0.090703972,0.267599285,0.159999996,15486,0.370000005,0,70.8638916
3079,0.349788904,0.090703972,0.267599285,0.159999996,15486,0.370000005,0,66.91042328
3079,0.349788904,0.090703972,0.267599285,0.159999996,15486,0.370000005,0,63.92404938
3079,0.349788904,0.090703972,0.267599285,0.159999996,15486,0.370000005,0,54.50138474
3079,0.349788904,0.090703972,0.267599285,0.159999996,15486,0.370000005,0,53.50529099
1449,0.0931677,0.016245488,0.222924188,0.07,16791,0.25999999,0,48.70466232
1449,0.0931677,0.016245488,0.222924188,0.07,16791,0.25999999,0,48.8549614
1449,0.0931677,0.016245488,0.222924188,0.07,16791,0.25999999,0,57.69230652
1449,0.0931677,0.016245488,0.222924188,0.07,16791,0.25999999,0,57.69230652
257,0.097276263,0.157894731,0.200000003,0.039999999,15156,0.119999997,0,48.27586365
270,0.166666672,0.039800994,0.363184094,0.090000004,15865,0.209999993,0,70.68965149
270,0.166666672,0.039800994,0.363184094,0.090000004,15865,0.209999993,0,48.07692337
270,0.166666672,0.039800994,0.363184094,0.090000004,15865,0.209999993,0,48.97959137
113,0.24778761,0.012195121,0.353658527,0.189999998,10455,0.49000001,1,47.61904907
13233,0.176981792,0.07406199,0.359543234,0.100000001,28170,0.150000006,0,32.38002396
13233,0.176981792,0.07406199,0.359543234,0.100000001,28170,0.150000006,0,2.269807339
13233,0.176981792,0.07406199,0.359543234,0.100000001,28170,0.150000006,1,29.26045036
13233,0.176981792,0.07406199,0.359543234,0.100000001,28170,0.150000006,1,31.39359474
2363,0.357173085,0.054163847,0.345294505,0.129999995,20260,0.280000001,1,70.32849884
2363,0.357173085,0.054163847,0.345294505,0.129999995,20260,0.280000001,1,63.81909561
3305,0,0.062256809,0.349762201,0.100000001,23569,0.119999997,0,77.77777863
3305,0,0.062256809,0.349762201,0.100000001,23569,0.119999997,0,75
3305,0,0.062256809,0.349762201,0.100000001,23569,0.119999997,0,50
3305,0,0.062256809,0.349762201,0.100000001,23569,0.119999997,0,22.72727203
3305,0,0.062256809,0.349762201,0.100000001,23569,0.119999997,0,24.1071434
1876,0.108742006,0.011484823,0.246923715,0.200000003,10389,0.439999998,1,78.899086
1876,0.108742006,0.011484823,0.246923715,0.200000003,10389,0.439999998,1,43.22470093
1876,0.108742006,0.011484823,0.246923715,0.200000003,10389,0.439999998,0,59.15493011
1876,0.108742006,0.011484823,0.246923715,0.200000003,10389,0.439999998,0,45.79439163
1876,0.108742006,0.011484823,0.246923715,0.200000003,10389,0.439999998,0,64.31535339
1876,0.108742006,0.011484823,0.246923715,0.200000003,10389,0.439999998,0,45.99156189
1876,0.108742006,0.011484823,0.246923715,0.200000003,10389,0.439999998,1,47.48858261
253,0.055335969,0.01010101,0.308080822,0.059999999,20313,0.140000001,0,3.846153736
253,0.055335969,0.01010101,0.308080822,0.059999999,20313,0.140000001,0,16.36363602
253,0.055335969,0.01010101,0.308080822,0.059999999,20313,0.140000001,0,2.083333254
253,0.055335969,0.01010101,0.308080822,0.059999999,20313,0.140000001,0,6.349206448
13916,0.346435755,0.063329823,0.251106441,0.170000002,12781,0.400000006,1,41.87570572
13916,0.346435755,0.063329823,0.251106441,0.170000002,12781,0.400000006,1,42.62096786
13916,0.346435755,0.063329823,0.251106441,0.170000002,12781,0.400000006,1,23.54291725
13916,0.346435755,0.063329823,0.251106441,0.170000002,12781,0.400000006,1,19.60385895
219531,0.293256998,0.134165853,0.196823478,0.090000004,21898,0.25999999,0,48.47032547
219531,0.293256998,0.134165853,0.196823478,0.090000004,21898,0.25999999,1,50.60937881
219531,0.293256998,0.134165853,0.196823478,0.090000004,21898,0.25999999,1,48.55724335
219531,0.293256998,0.134165853,0.196823478,0.090000004,21898,0.25999999,1,42.46677399
219531,0.293256998,0.134165853,0.196823478,0.090000004,21898,0.25999999,1,41.61034393
219531,0.293256998,0.134165853,0.196823478,0.090000004,21898,0.25999999,1,39.79431534
241,0.228215769,0.114583336,0.260416657,0.07,18333,0.150000006,0,73.33333588
2030,0.287192106,0.055479452,0.302739739,0.100000001,21516,0.25999999,0,71.42857361
2030,0.287192106,0.055479452,0.302739739,0.100000001,21516,0.25999999,1,55.36993027
2030,0.287192106,0.055479452,0.302739739,0.100000001,21516,0.25999999,0,52.8806572
2030,0.287192106,0.055479452,0.302739739,0.100000001,21516,0.25999999,0,39.0962677
2030,0.287192106,0.055479452,0.302739739,0.100000001,21516,0.25999999,0,44.52975082
2030,0.287192106,0.055479452,0.302739739,0.100000001,21516,0.25999999,0,44.77317429
1543,0.384316266,0.06666667,0.321126759,0.140000001,13984,0.370000005,1,46.24624634
1543,0.384316266,0.06666667,0.321126759,0.140000001,13984,0.370000005,1,44.93758774
1543,0.384316266,0.06666667,0.321126759,0.140000001,13984,0.370000005,1,44.85094833
1543,0.384316266,0.06666667,0.321126759,0.140000001,13984,0.370000005,1,42.28650284
295,0.210169494,0.090452261,0.48241207,0.100000001,19821,0.159999996,1,70.80745697
1175,0.003404255,0.081081077,0.385428905,0.07,32961,0.100000001,0,68.47887421
1175,0.003404255,0.081081077,0.385428905,0.07,32961,0.100000001,0,14.28571415
14280,0.222969189,0.046646107,0.316499621,0.150000006,13863,0.370000005,0,45.44153976
14280,0.222969189,0.046646107,0.316499621,0.150000006,13863,0.370000005,0,43.97524643
14280,0.222969189,0.046646107,0.316499621,0.150000006,13863,0.370000005,0,61.34408569
14280,0.222969189,0.046646107,0.316499621,0.150000006,13863,0.370000005,1,41.66159439
14280,0.222969189,0.046646107,0.316499621,0.150000006,13863,0.370000005,0,29.54960442
256,0.2421875,0.035714287,0.273809522,0.159999996,13864,0.400000006,0,34.68468475
256,0.2421875,0.035714287,0.273809522,0.159999996,13864,0.400000006,0,61.61616135
256,0.2421875,0.035714287,0.273809522,0.159999996,13864,0.400000006,1,59.872612
256,0.2421875,0.035714287,0.273809522,0.159999996,13864,0.400000006,1,7.185628891
52718,0.105504759,0.093520179,0.277404875,0.07,25918,0.159999996,0,11.13526821
52718,0.105504759,0.093520179,0.277404875,0.07,25918,0.159999996,0,17.59445572
52718,0.105504759,0.093520179,0.277404875,0.07,25918,0.159999996,0,18.60132408
52718,0.105504759,0.093520179,0.277404875,0.07,25918,0.159999996,0,4.521154881
1361,0.415870696,0.036257312,0.321637422,0.059999999,11377,0.439999998,1,58.57568741
1361,0.415870696,0.036257312,0.321637422,0.059999999,11377,0.439999998,1,54.79930115
1361,0.415870696,0.036257312,0.321637422,0.059999999,11377,0.439999998,1,62.83185959
1361,0.415870696,0.036257312,0.321637422,0.059999999,11377,0.439999998,1,52.19298172
1361,0.415870696,0.036257312,0.321637422,0.059999999,11377,0.439999998,1,47.08818817
1361,0.415870696,0.036257312,0.321637422,0.059999999,11377,0.439999998,1,50.46235275
6515,0.262010753,0.067925394,0.227262259,0.109999999,16571,0.340000004,1,68.80936432
6515,0.262010753,0.067925394,0.227262259,0.109999999,16571,0.340000004,0,58.32029343
3247,0.165075451,0.099071205,0.29765591,0.07,20322,0.170000002,0,69.01754761
3247,0.165075451,0.099071205,0.29765591,0.07,20322,0.170000002,0,59.46942139
3247,0.165075451,0.099071205,0.29765591,0.07,20322,0.170000002,0,31.51382828
3247,0.165075451,0.099071205,0.29765591,0.07,20322,0.170000002,0,24.24061966
3247,0.165075451,0.099071205,0.29765591,0.07,20322,0.170000002,0,21.5116272
1824,0.104166664,0.086429112,0.375284314,0.07,31833,0.090000004,0,54.88915253
1824,0.104166664,0.086429112,0.375284314,0.07,31833,0.090000004,0,72.47647858
1824,0.104166664,0.086429112,0.375284314,0.07,31833,0.090000004,0,72.48322296
1824,0.104166664,0.086429112,0.375284314,0.07,31833,0.090000004,0,58.80596924
1824,0.104166664,0.086429112,0.375284314,0.07,31833,0.090000004,1,50.69033432
5044,0.25,0.055752214,0.275221229,0.159999996,11596,0.460000008,0,70.27240753
5044,0.25,0.055752214,0.275221229,0.159999996,11596,0.460000008,1,56.24559021
5044,0.25,0.055752214,0.275221229,0.159999996,11596,0.460000008,1,48.88158035
5044,0.25,0.055752214,0.275221229,0.159999996,11596,0.460000008,0,46.045578
878,0.441913426,0.051509768,0.278863221,0.129999995,10174,0.460000008,1,72.7064209
878,0.441913426,0.051509768,0.278863221,0.129999995,10174,0.460000008,1,61.09889984
878,0.441913426,0.051509768,0.278863221,0.129999995,10174,0.460000008,1,57.08502197
878,0.441913426,0.051509768,0.278863221,0.129999995,10174,0.460000008,1,61.66007996
878,0.441913426,0.051509768,0.278863221,0.129999995,10174,0.460000008,1,45.40117264
878,0.441913426,0.051509768,0.278863221,0.129999995,10174,0.460000008,1,44.19475555
5429,0.200589433,0.032249019,0.291082442,0.129999995,16326,0.340000004,0,36.35144043
5429,0.200589433,0.032249019,0.291082442,0.129999995,16326,0.340000004,1,23.37662315
5429,0.200589433,0.032249019,0.291082442,0.129999995,16326,0.340000004,0,20.48693657
182,0.016483517,0.10569106,0.439024389,0.100000001,13438,0.159999996,0,60.83333206
182,0.016483517,0.10569106,0.439024389,0.100000001,13438,0.159999996,0,45.45454407
182,0.016483517,0.10569106,0.439024389,0.100000001,13438,0.159999996,0,40.86021423
607,0.257001638,0.040669855,0.318181813,0.109999999,12500,0.319999993,0,76.28205109
607,0.257001638,0.040669855,0.318181813,0.109999999,12500,0.319999993,0,57.54190063
607,0.257001638,0.040669855,0.318181813,0.109999999,12500,0.319999993,0,41.80791092
972,0.469135791,0.044285715,0.171428576,0.189999998,12232,0.479999989,1,72.70114899
972,0.469135791,0.044285715,0.171428576,0.189999998,12232,0.479999989,1,59.94550323
972,0.469135791,0.044285715,0.171428576,0.189999998,12232,0.479999989,1,48.70317078
972,0.469135791,0.044285715,0.171428576,0.189999998,12232,0.479999989,1,49.57020187
544,0.088235296,0.062972292,0.395466,0.059999999,23958,0.119999997,0,62.5
544,0.088235296,0.062972292,0.395466,0.059999999,23958,0.119999997,0,40.79602051
544,0.088235296,0.062972292,0.395466,0.059999999,23958,0.119999997,0,35.7142868
4677,0.166559756,0.034876347,0.269181997,0.109999999,12152,0.379999995,0,53.63784409
4677,0.166559756,0.034876347,0.269181997,0.109999999,12152,0.379999995,0,55.24085999
4677,0.166559756,0.034876347,0.269181997,0.109999999,12152,0.379999995,0,48.53249359
4677,0.166559756,0.034876347,0.269181997,0.109999999,12152,0.379999995,0,47.94651413
4677,0.166559756,0.034876347,0.269181997,0.109999999,12152,0.379999995,0,43.37748337
580,0.474137932,0.040935673,0.269005835,0.140000001,8653,0.569999993,1,64.375
580,0.474137932,0.040935673,0.269005835,0.140000001,8653,0.569999993,1,63.67041016
580,0.474137932,0.040935673,0.269005835,0.140000001,8653,0.569999993,1,68.58107758
580,0.474137932,0.040935673,0.269005835,0.140000001,8653,0.569999993,1,67.0138855
580,0.474137932,0.040935673,0.269005835,0.140000001,8653,0.569999993,1,64.17910767
661,0.170953095,0.039215688,0.368191719,0.129999995,12279,0.379999995,0,72.8155365
661,0.170953095,0.039215688,0.368191719,0.129999995,12279,0.379999995,0,55.78947449
661,0.170953095,0.039215688,0.368191719,0.129999995,12279,0.379999995,0,66.33663177
661,0.170953095,0.039215688,0.368191719,0.129999995,12279,0.379999995,0,24
920,0.431521744,0.017571885,0.246006384,0.289999992,6931,0.579999983,1,75.63452148
1904,0.352941185,0.059571087,0.285941213,0.119999997,16131,0.360000014,0,52.88748169
1904,0.352941185,0.059571087,0.285941213,0.119999997,16131,0.360000014,0,43.87099838
1904,0.352941185,0.059571087,0.285941213,0.119999997,16131,0.360000014,0,51.25698471
1904,0.352941185,0.059571087,0.285941213,0.119999997,16131,0.360000014,1,37.90664673
1904,0.352941185,0.059571087,0.285941213,0.119999997,16131,0.360000014,1,47.2954216
1904,0.352941185,0.059571087,0.285941213,0.119999997,16131,0.360000014,1,54.78723526
1715,0.451311946,0.061591104,0.2917023,0.180000007,11716,0.449999988,0,21.38442612
1715,0.451311946,0.061591104,0.2917023,0.180000007,11716,0.449999988,0,47.32510376
1715,0.451311946,0.061591104,0.2917023,0.180000007,11716,0.449999988,1,32.00398636
390,0.253846169,0.016806724,0.273109257,0.159999996,11827,0.49000001,0,60.46315002
390,0.253846169,0.016806724,0.273109257,0.159999996,11827,0.49000001,0,40
390,0.253846169,0.016806724,0.273109257,0.159999996,11827,0.49000001,0,32.27091599
359,0.272980511,0.128027678,0.148788929,0.119999997,14219,0.230000004,0,36.47058868
434,0.050691243,0.029090909,0.389090896,0.129999995,15750,0.340000004,0,92.85713959
434,0.050691243,0.029090909,0.389090896,0.129999995,15750,0.340000004,0,41.17647171
2600,0.370384604,0.042542286,0.221424907,0.180000007,9758,0.469999999,0,75.57603455
2600,0.370384604,0.042542286,0.221424907,0.180000007,9758,0.469999999,0,52.63330078
2600,0.370384604,0.042542286,0.221424907,0.180000007,9758,0.469999999,0,59.7701149
2600,0.370384604,0.042542286,0.221424907,0.180000007,9758,0.469999999,0,54.27135849
2600,0.370384604,0.042542286,0.221424907,0.180000007,9758,0.469999999,0,56.98113251
1130,0.210619465,0.025445292,0.316793889,0.150000006,12989,0.340000004,0,43.68421173
1130,0.210619465,0.025445292,0.316793889,0.150000006,12989,0.340000004,0,49.29077911
1130,0.210619465,0.025445292,0.316793889,0.150000006,12989,0.340000004,0,46.99646759
1130,0.210619465,0.025445292,0.316793889,0.150000006,12989,0.340000004,1,44.32989502
1815,0.229752064,0.044692736,0.273743004,0.079999998,12756,0.419999987,0,42.43074036
1815,0.229752064,0.044692736,0.273743004,0.079999998,12756,0.419999987,1,64.87820435
1815,0.229752064,0.044692736,0.273743004,0.079999998,12756,0.419999987,1,67.91110992
1815,0.229752064,0.044692736,0.273743004,0.079999998,12756,0.419999987,0,48.72483063
1815,0.229752064,0.044692736,0.273743004,0.079999998,12756,0.419999987,0,56.5116272
1815,0.229752064,0.044692736,0.273743004,0.079999998,12756,0.419999987,1,58.24847412
1815,0.229752064,0.044692736,0.273743004,0.079999998,12756,0.419999987,1,66.16294098
7691,0.130282149,0.150149584,0.210919976,0.090000004,25970,0.219999999,0,48.26861191
7691,0.130282149,0.150149584,0.210919976,0.090000004,25970,0.219999999,0,37.29453278
7691,0.130282149,0.150149584,0.210919976,0.090000004,25970,0.219999999,0,49.06997299
7691,0.130282149,0.150149584,0.210919976,0.090000004,25970,0.219999999,0,43.32130051
7691,0.130282149,0.150149584,0.210919976,0.090000004,25970,0.219999999,0,36.23623657
14010,0.190935045,0.065539986,0.248866454,0.109999999,13804,0.349999994,1,43.70549393
14010,0.190935045,0.065539986,0.248866454,0.109999999,13804,0.349999994,1,53.1436615
14010,0.190935045,0.065539986,0.248866454,0.109999999,13804,0.349999994,0,32.60437393
14010,0.190935045,0.065539986,0.248866454,0.109999999,13804,0.349999994,1,47.53652573
14010,0.190935045,0.065539986,0.248866454,0.109999999,13804,0.349999994,0,32.9466362
1642,0.4859927,0.020318022,0.227915198,0.200000003,10986,0.430000007,1,75.2960434
1642,0.4859927,0.020318022,0.227915198,0.200000003,10986,0.430000007,1,76.65857697
1642,0.4859927,0.020318022,0.227915198,0.200000003,10986,0.430000007,1,49.12536621
1642,0.4859927,0.020318022,0.227915198,0.200000003,10986,0.430000007,1,44.86803436
1642,0.4859927,0.020318022,0.227915198,0.200000003,10986,0.430000007,1,39.76109314
1984,0.105846778,0.045128942,0.325931221,0.079999998,17875,0.239999995,0,33.33333206
1984,0.105846778,0.045128942,0.325931221,0.079999998,17875,0.239999995,0,100
1984,0.105846778,0.045128942,0.325931221,0.079999998,17875,0.239999995,0,60
1984,0.105846778,0.045128942,0.325931221,0.079999998,17875,0.239999995,0,33.33333206
1984,0.105846778,0.045128942,0.325931221,0.079999998,17875,0.239999995,1,100
3169,0.288419068,0.072450802,0.196779966,0.090000004,16702,0.310000002,1,36.5417366
3169,0.288419068,0.072450802,0.196779966,0.090000004,16702,0.310000002,1,46.30769348
3169,0.288419068,0.072450802,0.196779966,0.090000004,16702,0.310000002,1,42.09919357
3169,0.288419068,0.072450802,0.196779966,0.090000004,16702,0.310000002,1,42.52548218
214,0.014018691,0,0.25,0.079999998,11705,0.330000013,0,60
214,0.014018691,0,0.25,0.079999998,11705,0.330000013,0,60
214,0.014018691,0,0.25,0.079999998,11705,0.330000013,0,33.33333206
8381,0.09235175,0.062113933,0.295126975,0.079999998,25087,0.150000006,0,54.45094681
8381,0.09235175,0.062113933,0.295126975,0.079999998,25087,0.150000006,0,45.47520447
8381,0.09235175,0.062113933,0.295126975,0.079999998,25087,0.150000006,0,40.54758835
8381,0.09235175,0.062113933,0.295126975,0.079999998,25087,0.150000006,0,38.98550797
3474,0.121761657,0.044660982,0.400324821,0.129999995,14643,0.319999993,0,60.90659332
3474,0.121761657,0.044660982,0.400324821,0.129999995,14643,0.319999993,0,45
3474,0.121761657,0.044660982,0.400324821,0.129999995,14643,0.319999993,0,33.48729706
3474,0.121761657,0.044660982,0.400324821,0.129999995,14643,0.319999993,0,23.09416962
9865,0.228281811,0.129818931,0.291325927,0.100000001,24891,0.209999993,0,0
9865,0.228281811,0.129818931,0.291325927,0.100000001,24891,0.209999993,1,42.28830719
345,0.046376813,0.02734375,0.28515625,0.150000006,18417,0.150000006,0,0
345,0.046376813,0.02734375,0.28515625,0.150000006,18417,0.150000006,0,33.33333206
345,0.046376813,0.02734375,0.28515625,0.150000006,18417,0.150000006,0,21.32132149
345,0.046376813,0.02734375,0.28515625,0.150000006,18417,0.150000006,0,26.04548836
344,0.218023255,0.059071731,0.35864979,0.100000001,19375,0.330000013,0,48.68421173
344,0.218023255,0.059071731,0.35864979,0.100000001,19375,0.330000013,0,49.29577637
7949,0.339036345,0.034991488,0.332135439,0.180000007,15877,0.379999995,1,58.23107529
7949,0.339036345,0.034991488,0.332135439,0.180000007,15877,0.379999995,1,51.76726151
7949,0.339036345,0.034991488,0.332135439,0.180000007,15877,0.379999995,1,61.41783905
7949,0.339036345,0.034991488,0.332135439,0.180000007,15877,0.379999995,1,48.23703766
7949,0.339036345,0.034991488,0.332135439,0.180000007,15877,0.379999995,1,49.23845673
7949,0.339036345,0.034991488,0.332135439,0.180000007,15877,0.379999995,1,51.26948929
886,0.136568844,0.031301484,0.329489291,0.100000001,15694,0.280000001,0,80.64516449
886,0.136568844,0.031301484,0.329489291,0.100000001,15694,0.280000001,0,45.55555725
886,0.136568844,0.031301484,0.329489291,0.100000001,15694,0.280000001,0,45.55555725
871,0.177956372,0.076298699,0.295454532,0.119999997,15875,0.330000013,0,33.62068939
871,0.177956372,0.076298699,0.295454532,0.119999997,15875,0.330000013,0,29.37063026
871,0.177956372,0.076298699,0.295454532,0.119999997,15875,0.330000013,1,42.24806213
240,0.029166667,0.023809524,0.505952358,0.109999999,28125,0.129999995,0,75
240,0.029166667,0.023809524,0.505952358,0.109999999,28125,0.129999995,0,90
1438,0.175243393,0.015723271,0.264150947,0.200000003,10699,0.409999996,0,82.53588867
1438,0.175243393,0.015723271,0.264150947,0.200000003,10699,0.409999996,0,66.66666412
1438,0.175243393,0.015723271,0.264150947,0.200000003,10699,0.409999996,0,66.82926941
1438,0.175243393,0.015723271,0.264150947,0.200000003,10699,0.409999996,0,50.90909195
1438,0.175243393,0.015723271,0.264150947,0.200000003,10699,0.409999996,0,53.38983154
427,0.590163946,0.057034221,0.258555144,0.189999998,12361,0.400000006,1,58.67768478
427,0.590163946,0.057034221,0.258555144,0.189999998,12361,0.400000006,1,62.14953232
427,0.590163946,0.057034221,0.258555144,0.189999998,12361,0.400000006,1,56.99481964
433,0.043879908,0.102473497,0.346289754,0.059999999,21346,0.219999999,0,36.20689774
433,0.043879908,0.102473497,0.346289754,0.059999999,21346,0.219999999,0,63.15789413
433,0.043879908,0.102473497,0.346289754,0.059999999,21346,0.219999999,0,29.41176414
1277,0.266249031,0.030303031,0.310886651,0.100000001,14053,0.370000005,0,73.30379486
1277,0.266249031,0.030303031,0.310886651,0.100000001,14053,0.370000005,0,63.29479599
1277,0.266249031,0.030303031,0.310886651,0.100000001,14053,0.370000005,0,50
1277,0.266249031,0.030303031,0.310886651,0.100000001,14053,0.370000005,0,58.8571434
1277,0.266249031,0.030303031,0.310886651,0.100000001,14053,0.370000005,0,54.95495605
540,0.211111113,0.019607844,0.30252102,0.189999998,12750,0.360000014,0,70.10309601
540,0.211111113,0.019607844,0.30252102,0.189999998,12750,0.360000014,0,56.60377502
540,0.211111113,0.019607844,0.30252102,0.189999998,12750,0.360000014,0,55.63909912
540,0.211111113,0.019607844,0.30252102,0.189999998,12750,0.360000014,0,37.68115997
540,0.211111113,0.019607844,0.30252102,0.189999998,12750,0.360000014,0,49.67741776
540,0.211111113,0.019607844,0.30252102,0.189999998,12750,0.360000014,0,38.09523773
2428,0.041186161,0.05628949,0.282021821,0.07,15902,0.280000001,0,67.30032349
2428,0.041186161,0.05628949,0.282021821,0.07,15902,0.280000001,0,40.53894806
2428,0.041186161,0.05628949,0.282021821,0.07,15902,0.280000001,0,55.26315689
177,0,0.014705882,0.367647052,0.090000004,14464,0.219999999,0,0
177,0,0.014705882,0.367647052,0.090000004,14464,0.219999999,0,0
731,0.027359782,0.10633947,0.237218812,0.090000004,17250,0.289999992,0,26.66666603
11150,0.16286996,0.056942794,0.258554637,0.140000001,14874,0.379999995,0,75.15627289
11150,0.16286996,0.056942794,0.258554637,0.140000001,14874,0.379999995,0,52.95331955
11150,0.16286996,0.056942794,0.258554637,0.140000001,14874,0.379999995,0,53.03292847
11150,0.16286996,0.056942794,0.258554637,0.140000001,14874,0.379999995,0,41.46341324
11150,0.16286996,0.056942794,0.258554637,0.140000001,14874,0.379999995,0,46.44742203
11150,0.16286996,0.056942794,0.258554637,0.140000001,14874,0.379999995,0,3.46372366
297,0.24242425,0.083333336,0.24509804,0.219999999,16518,0.389999986,0,40.90909195
3334,0.327534497,0.072421052,0.281263173,0.129999995,13175,0.349999994,1,62.1571579
3334,0.327534497,0.072421052,0.281263173,0.129999995,13175,0.349999994,1,65.47618866
3334,0.327534497,0.072421052,0.281263173,0.129999995,13175,0.349999994,1,52.779953
3334,0.327534497,0.072421052,0.281263173,0.129999995,13175,0.349999994,1,35.83877945
3334,0.327534497,0.072421052,0.281263173,0.129999995,13175,0.349999994,1,47.53126907
259,0.216216221,0.03763441,0.360215068,0.140000001,16071,0.239999995,1,58.72093201
259,0.216216221,0.03763441,0.360215068,0.140000001,16071,0.239999995,1,55.46875
4108,0.409444988,0.052807733,0.231312752,0.180000007,9753,0.519999981,1,63.33182526
4108,0.409444988,0.052807733,0.231312752,0.180000007,9753,0.519999981,1,71.17955017
4108,0.409444988,0.052807733,0.231312752,0.180000007,9753,0.519999981,1,49.33184814
4108,0.409444988,0.052807733,0.231312752,0.180000007,9753,0.519999981,1,60
4108,0.409444988,0.052807733,0.231312752,0.180000007,9753,0.519999981,1,59.80887985
257,0.147859916,0.050000001,0.316666663,0.150000006,20250,0.109999999,0,48.57143021
257,0.147859916,0.050000001,0.316666663,0.150000006,20250,0.109999999,0,54.16666794
257,0.147859916,0.050000001,0.316666663,0.150000006,20250,0.109999999,1,51.11111069
646,0.19195047,0.069605567,0.30626449,0.100000001,15493,0.379999995,0,58.71559525
646,0.19195047,0.069605567,0.30626449,0.100000001,15493,0.379999995,0,56.88073349
646,0.19195047,0.069605567,0.30626449,0.100000001,15493,0.379999995,0,59.82143021
646,0.19195047,0.069605567,0.30626449,0.100000001,15493,0.379999995,0,59.57446671
516,0.160852715,0.05232558,0.235465109,0.170000002,16328,0.230000004,0,71.83098602
516,0.160852715,0.05232558,0.235465109,0.170000002,16328,0.230000004,1,46.73913193
516,0.160852715,0.05232558,0.235465109,0.170000002,16328,0.230000004,1,43.90243912
516,0.160852715,0.05232558,0.235465109,0.170000002,16328,0.230000004,1,35.11450195
844,0.059241705,0.02310231,0.372937292,0.109999999,25074,0.200000003,0,59.375
844,0.059241705,0.02310231,0.372937292,0.109999999,25074,0.200000003,0,60
397,0,0.062068965,0.27241379,0.07,14028,0.189999998,0,56.52173996
397,0,0.062068965,0.27241379,0.07,14028,0.189999998,0,0
397,0,0.062068965,0.27241379,0.07,14028,0.189999998,0,0
397,0,0.062068965,0.27241379,0.07,14028,0.189999998,0,80
397,0,0.062068965,0.27241379,0.07,14028,0.189999998,0,100
9142,0.267228186,0.061976284,0.311304361,0.129999995,19939,0.319999993,0,53.16819
9142,0.267228186,0.061976284,0.311304361,0.129999995,19939,0.319999993,1,44.50466537
9142,0.267228186,0.061976284,0.311304361,0.129999995,19939,0.319999993,1,43.81103134
9142,0.267228186,0.061976284,0.311304361,0.129999995,19939,0.319999993,1,48.10393143
4007,0.31994009,0.057454545,0.287272722,0.119999997,14100,0.389999986,0,47.06400299
819,0.002442003,0.046181172,0.495559514,0.029999999,24297,0.140000001,0,0
819,0.002442003,0.046181172,0.495559514,0.029999999,24297,0.140000001,0,0
819,0.002442003,0.046181172,0.495559514,0.029999999,24297,0.140000001,0,0
256,0,0.061452515,0.508379877,0.02,16250,0.330000013,0,0
1224,0.524509788,0.028473804,0.321184516,0.129999995,11553,0.379999995,0,73.4828186
1224,0.524509788,0.028473804,0.321184516,0.129999995,11553,0.379999995,1,42.62295151
1224,0.524509788,0.028473804,0.321184516,0.129999995,11553,0.379999995,1,63.44410706
1224,0.524509788,0.028473804,0.321184516,0.129999995,11553,0.379999995,1,62.82246017
1224,0.524509788,0.028473804,0.321184516,0.129999995,11553,0.379999995,1,63.66412354
709,0.211565584,0.066098079,0.230277181,0.129999995,12457,0.449999988,0,54.93562317
709,0.211565584,0.066098079,0.230277181,0.129999995,12457,0.449999988,0,25
1702,0.186839014,0.060449049,0.283246964,0.140000001,12358,0.360000014,0,58.72753906
1702,0.186839014,0.060449049,0.283246964,0.140000001,12358,0.360000014,0,69.93377686
1702,0.186839014,0.060449049,0.283246964,0.140000001,12358,0.360000014,0,56.52173996
1702,0.186839014,0.060449049,0.283246964,0.140000001,12358,0.360000014,0,53.33333206
1702,0.186839014,0.060449049,0.283246964,0.140000001,12358,0.360000014,0,56.5495224
2049,0,0.03909874,0.228628233,0.07,16373,0.230000004,0,0
2049,0,0.03909874,0.228628233,0.07,16373,0.230000004,0,0
2049,0,0.03909874,0.228628233,0.07,16373,0.230000004,0,0
450,0,0.048076924,0.339743584,0.150000006,20865,0.280000001,0,0
450,0,0.048076924,0.339743584,0.150000006,20865,0.280000001,0,0
450,0,0.048076924,0.339743584,0.150000006,20865,0.280000001,0,0
450,0,0.048076924,0.339743584,0.150000006,20865,0.280000001,0,0
450,0,0.048076924,0.339743584,0.150000006,20865,0.280000001,0,0
7003,0.145080686,0.05682731,0.316666663,0.090000004,30179,0.150000006,0,44.29987717
5484,0.821663022,0.037659574,0.047659576,0.200000003,13902,0.389999986,1,33.69739532
5484,0.821663022,0.037659574,0.047659576,0.200000003,13902,0.389999986,1,21.93680382
5484,0.821663022,0.037659574,0.047659576,0.200000003,13902,0.389999986,1,17.16205788
5484,0.821663022,0.037659574,0.047659576,0.200000003,13902,0.389999986,1,20.0544014
2382,0.124685138,0.04454343,0.420378625,0.059999999,28631,0.079999998,0,84.0490799
2382,0.124685138,0.04454343,0.420378625,0.059999999,28631,0.079999998,0,54.09029388
2382,0.124685138,0.04454343,0.420378625,0.059999999,28631,0.079999998,0,51.0830307
2382,0.124685138,0.04454343,0.420378625,0.059999999,28631,0.079999998,0,61.3418541
2382,0.124685138,0.04454343,0.420378625,0.059999999,28631,0.079999998,0,42.5406189
2382,0.124685138,0.04454343,0.420378625,0.059999999,28631,0.079999998,0,53.87700653
211,0.08530806,0.109090909,0.339393944,0.039999999,21750,0.189999998,0,68.34532166
211,0.08530806,0.109090909,0.339393944,0.039999999,21750,0.189999998,0,27.16762924
211,0.08530806,0.109090909,0.339393944,0.039999999,21750,0.189999998,0,14.28571415
211,0.08530806,0.109090909,0.339393944,0.039999999,21750,0.189999998,0,26.7857151
1118,0.470483005,0.07449495,0.212121218,0.119999997,10536,0.439999998,1,78.86029053
1118,0.470483005,0.07449495,0.212121218,0.119999997,10536,0.439999998,1,71.18643951
1118,0.470483005,0.07449495,0.212121218,0.119999997,10536,0.439999998,1,0.350877196
1118,0.470483005,0.07449495,0.212121218,0.119999997,10536,0.439999998,1,69.11764526
1118,0.470483005,0.07449495,0.212121218,0.119999997,10536,0.439999998,1,65.56776428
1118,0.470483005,0.07449495,0.212121218,0.119999997,10536,0.439999998,1,62.96958923
1472,0,0.036251105,0.328028291,0.07,19545,0.25999999,0,66.66666412
1472,0,0.036251105,0.328028291,0.07,19545,0.25999999,0,60
1472,0,0.036251105,0.328028291,0.07,19545,0.25999999,0,0
1472,0,0.036251105,0.328028291,0.07,19545,0.25999999,0,100
1472,0,0.036251105,0.328028291,0.07,19545,0.25999999,0,100
518,0.057915058,0.054830287,0.375979125,0.100000001,18056,0.159999996,0,42.02898407
518,0.057915058,0.054830287,0.375979125,0.100000001,18056,0.159999996,0,27.58620644
573,0.171029672,0.119106703,0.248138964,0.059999999,24688,0.239999995,0,71.28205109
573,0.171029672,0.119106703,0.248138964,0.059999999,24688,0.239999995,0,55.13513565
573,0.171029672,0.119106703,0.248138964,0.059999999,24688,0.239999995,0,12.67482471
2092,0.08699809,0.080388084,0.376299381,0.090000004,30325,0.140000001,0,20.42553139
2092,0.08699809,0.080388084,0.376299381,0.090000004,30325,0.140000001,1,43.69747925
17208,0.226057649,0.04634485,0.282233179,0.109999999,17344,0.300000012,0,21.84883499
17208,0.226057649,0.04634485,0.282233179,0.109999999,17344,0.300000012,0,21.56806374
500,0.407999992,0.050397877,0.302387267,0.150000006,17019,0.300000012,0,79.56521606
500,0.407999992,0.050397877,0.302387267,0.150000006,17019,0.300000012,0,87.20378876
500,0.407999992,0.050397877,0.302387267,0.150000006,17019,0.300000012,0,75
500,0.407999992,0.050397877,0.302387267,0.150000006,17019,0.300000012,0,76.92308044
500,0.407999992,0.050397877,0.302387267,0.150000006,17019,0.300000012,0,74.12935638
1611,0.098075733,0.037446808,0.320851058,0.090000004,14340,0.270000011,0,0
1611,0.098075733,0.037446808,0.320851058,0.090000004,14340,0.270000011,0,72.56944275
1611,0.098075733,0.037446808,0.320851058,0.090000004,14340,0.270000011,0,60
1611,0.098075733,0.037446808,0.320851058,0.090000004,14340,0.270000011,0,49.375
1611,0.098075733,0.037446808,0.320851058,0.090000004,14340,0.270000011,0,46
245,0.097959183,0.06185567,0.39690721,0.230000004,16250,0.310000002,0,69.35483551
245,0.097959183,0.06185567,0.39690721,0.230000004,16250,0.310000002,0,57.1428566
15871,0.241635695,0.094086021,0.146115154,0.129999995,15462,0.379999995,0,32.89266586
15871,0.241635695,0.094086021,0.146115154,0.129999995,15462,0.379999995,1,26.93376541
15871,0.241635695,0.094086021,0.146115154,0.129999995,15462,0.379999995,1,33.16284943
15871,0.241635695,0.094086021,0.146115154,0.129999995,15462,0.379999995,1,32.17898178
15871,0.241635695,0.094086021,0.146115154,0.129999995,15462,0.379999995,1,22.98815727
15871,0.241635695,0.094086021,0.146115154,0.129999995,15462,0.379999995,1,16.48306847
9927,0,0.116959065,0.312540621,0.039999999,30537,0.079999998,0,15.55555534
9927,0,0.116959065,0.312540621,0.039999999,30537,0.079999998,0,11.11111069
9927,0,0.116959065,0.312540621,0.039999999,30537,0.079999998,0,12.5
9927,0,0.116959065,0.312540621,0.039999999,30537,0.079999998,0,21.4408226
9927,0,0.116959065,0.312540621,0.039999999,30537,0.079999998,0,3.648068666
482,0.278008312,0.092731826,0.213032588,0.129999995,13500,0.319999993,0,70.68965149
482,0.278008312,0.092731826,0.213032588,0.129999995,13500,0.319999993,0,74.4897995
482,0.278008312,0.092731826,0.213032588,0.129999995,13500,0.319999993,0,65.7142868
482,0.278008312,0.092731826,0.213032588,0.129999995,13500,0.319999993,0,0
482,0.278008312,0.092731826,0.213032588,0.129999995,13500,0.319999993,0,60.46511459
1664,0.175480768,0.066322133,0.341946602,0.059999999,22000,0.180000007,0,67.41573334
1664,0.175480768,0.066322133,0.341946602,0.059999999,22000,0.180000007,1,65.38461304
1664,0.175480768,0.066322133,0.341946602,0.059999999,22000,0.180000007,0,20.73863602
1664,0.175480768,0.066322133,0.341946602,0.059999999,22000,0.180000007,0,38.03680801
2854,0.263139457,0.074690774,0.247383446,0.059999999,18019,0.25999999,0,43.15068436
2854,0.263139457,0.074690774,0.247383446,0.059999999,18019,0.25999999,1,45.99514389
2854,0.263139457,0.074690774,0.247383446,0.059999999,18019,0.25999999,0,44.47268295
1543,0.046014257,0.012833169,0.257650554,0.090000004,16875,0.280000001,0,86.48648834
1543,0.046014257,0.012833169,0.257650554,0.090000004,16875,0.280000001,0,76.25
1543,0.046014257,0.012833169,0.257650554,0.090000004,16875,0.280000001,0,30.09708786
1543,0.046014257,0.012833169,0.257650554,0.090000004,16875,0.280000001,0,39.36170197
589,0.01188455,0.03194103,0.260442257,0.140000001,13667,0.330000013,0,33.33333206
589,0.01188455,0.03194103,0.260442257,0.140000001,13667,0.330000013,0,40
4152,0.365606934,0.078043707,0.234824836,0.090000004,12669,0.419999987,0,45.72652435
4152,0.365606934,0.078043707,0.234824836,0.090000004,12669,0.419999987,0,52.35411072
4152,0.365606934,0.078043707,0.234824836,0.090000004,12669,0.419999987,0,39.58664703
4152,0.365606934,0.078043707,0.234824836,0.090000004,12669,0.419999987,1,64.0202713
4152,0.365606934,0.078043707,0.234824836,0.090000004,12669,0.419999987,1,56.27836609
4152,0.365606934,0.078043707,0.234824836,0.090000004,12669,0.419999987,0,42.55892181
4152,0.365606934,0.078043707,0.234824836,0.090000004,12669,0.419999987,1,50.07342148
417,0,0.038338657,0.418530345,0.100000001,16583,0.239999995,0,0
417,0,0.038338657,0.418530345,0.100000001,16583,0.239999995,0,0
414,0.176328495,0.063122921,0.302325577,0.100000001,12656,0.360000014,0,2.777777672
414,0.176328495,0.063122921,0.302325577,0.100000001,12656,0.360000014,0,45.94594574
414,0.176328495,0.063122921,0.302325577,0.100000001,12656,0.360000014,0,18.42105293
1632,0.175245091,0.045337897,0.285714298,0.150000006,13500,0.319999993,0,52.87356186
1632,0.175245091,0.045337897,0.285714298,0.150000006,13500,0.319999993,0,36.74614334
1632,0.175245091,0.045337897,0.285714298,0.150000006,13500,0.319999993,0,30.04484367
1256,0.058917198,0.03846154,0.334841639,0.07,14811,0.270000011,0,73.03370667
1256,0.058917198,0.03846154,0.334841639,0.07,14811,0.270000011,0,40
2708,0.109305762,0.048125349,0.411863446,0.119999997,21781,0.189999998,0,30.22339058
2708,0.109305762,0.048125349,0.411863446,0.119999997,21781,0.189999998,0,32.16080475
2708,0.109305762,0.048125349,0.411863446,0.119999997,21781,0.189999998,0,30.32069969
2708,0.109305762,0.048125349,0.411863446,0.119999997,21781,0.189999998,1,29.04564285
3891,0.371369839,0.026793964,0.253464729,0.090000004,22250,0.189999998,0,35.22012711
6205,0.325060427,0.017361948,0.28550759,0.129999995,15953,0.360000014,0,74.10604858
6205,0.325060427,0.017361948,0.28550759,0.129999995,15953,0.360000014,1,64.69064331
6205,0.325060427,0.017361948,0.28550759,0.129999995,15953,0.360000014,1,60.94650269
6205,0.325060427,0.017361948,0.28550759,0.129999995,15953,0.360000014,1,44.24315643
6205,0.325060427,0.017361948,0.28550759,0.129999995,15953,0.360000014,1,43.55358505
1469,0,0.0373648,0.333333343,0.07,19423,0.200000003,0,33.33333206
1469,0,0.0373648,0.333333343,0.07,19423,0.200000003,0,60
2733,0.024515186,0.089000002,0.337000012,0.039999999,22194,0.159999996,0,16.66666603
2733,0.024515186,0.089000002,0.337000012,0.039999999,22194,0.159999996,0,33.96226501
2733,0.024515186,0.089000002,0.337000012,0.039999999,22194,0.159999996,0,34.48905182
2733,0.024515186,0.089000002,0.337000012,0.039999999,22194,0.159999996,0,18.14432907
2733,0.024515186,0.089000002,0.337000012,0.039999999,22194,0.159999996,0,15.55555534
11305,0.163290575,0.056771893,0.314663947,0.129999995,16853,0.330000013,0,30.07945442
11305,0.163290575,0.056771893,0.314663947,0.129999995,16853,0.330000013,0,39.0625
11305,0.163290575,0.056771893,0.314663947,0.129999995,16853,0.330000013,0,17.65714264
11305,0.163290575,0.056771893,0.314663947,0.129999995,16853,0.330000013,0,20.25598145
2720,0.358088225,0.081440441,0.242659286,0.159999996,13817,0.439999998,1,69.4275589
2720,0.358088225,0.081440441,0.242659286,0.159999996,13817,0.439999998,0,48.1975441
2720,0.358088225,0.081440441,0.242659286,0.159999996,13817,0.439999998,1,63.69485474
2720,0.358088225,0.081440441,0.242659286,0.159999996,13817,0.439999998,1,59.31914902
2720,0.358088225,0.081440441,0.242659286,0.159999996,13817,0.439999998,1,57.63422775
2720,0.358088225,0.081440441,0.242659286,0.159999996,13817,0.439999998,1,56.58217621
4535,0.096582137,0.014046622,0.255230129,0.100000001,14506,0.319999993,0,35.71010971
4535,0.096582137,0.014046622,0.255230129,0.100000001,14506,0.319999993,0,57.11500931
4535,0.096582137,0.014046622,0.255230129,0.100000001,14506,0.319999993,0,54.19223022
4535,0.096582137,0.014046622,0.255230129,0.100000001,14506,0.319999993,0,43.04347992
4535,0.096582137,0.014046622,0.255230129,0.100000001,14506,0.319999993,0,39.11111069
279,0.268817216,0.051886793,0.311320752,0.209999993,17250,0.280000001,0,45.01856232
279,0.268817216,0.051886793,0.311320752,0.209999993,17250,0.280000001,0,28.44827652
72033,0.112240225,0.127975017,0.25460583,0.07,30389,0.140000001,0,32.30444717
72033,0.112240225,0.127975017,0.25460583,0.07,30389,0.140000001,1,26.36408806
72033,0.112240225,0.127975017,0.25460583,0.07,30389,0.140000001,0,17.76621056
2466,0.323600978,0.058858503,0.278240204,0.170000002,10812,0.479999989,0,69.67655182
2466,0.323600978,0.058858503,0.278240204,0.170000002,10812,0.479999989,0,72.29125977
2466,0.323600978,0.058858503,0.278240204,0.170000002,10812,0.479999989,1,53.32594299
2466,0.323600978,0.058858503,0.278240204,0.170000002,10812,0.479999989,1,55.55555725
2466,0.323600978,0.058858503,0.278240204,0.170000002,10812,0.479999989,1,53.40818024
2466,0.323600978,0.058858503,0.278240204,0.170000002,10812,0.479999989,1,55.91958237
410,0.004878049,0.034364261,0.353951901,0.07,16563,0.209999993,0,0
410,0.004878049,0.034364261,0.353951901,0.07,16563,0.209999993,0,100
689,0.134978235,0.088531189,0.311871231,0.119999997,27857,0.209999993,0,51.66666794
689,0.134978235,0.088531189,0.311871231,0.119999997,27857,0.209999993,0,44.44444275
689,0.134978235,0.088531189,0.311871231,0.119999997,27857,0.209999993,0,54.09836197
689,0.134978235,0.088531189,0.311871231,0.119999997,27857,0.209999993,0,39.4736824
689,0.134978235,0.088531189,0.311871231,0.119999997,27857,0.209999993,0,43.33333206
2234,0.135183528,0.036520585,0.310092956,0.090000004,12661,0.330000013,0,27.3214283
2234,0.135183528,0.036520585,0.310092956,0.090000004,12661,0.330000013,0,42.50814438
2234,0.135183528,0.036520585,0.310092956,0.090000004,12661,0.330000013,0,49.01365662
1285,0,0.013793103,0.300000012,0.119999997,14063,0.330000013,0,0
1285,0,0.013793103,0.300000012,0.119999997,14063,0.330000013,0,0
1285,0,0.013793103,0.300000012,0.119999997,14063,0.330000013,0,100
94460,0.177164942,0.152555823,0.191974849,0.090000004,23430,0.219999999,0,37.32413864
94460,0.177164942,0.152555823,0.191974849,0.090000004,23430,0.219999999,0,47.50241852
94460,0.177164942,0.152555823,0.191974849,0.090000004,23430,0.219999999,1,44.03973389
94460,0.177164942,0.152555823,0.191974849,0.090000004,23430,0.219999999,0,26.01311684
3198,0.077548467,0.018920166,0.310106128,0.119999997,18433,0.319999993,0,68.57064056
3198,0.077548467,0.018920166,0.310106128,0.119999997,18433,0.319999993,0,65.36097717
3198,0.077548467,0.018920166,0.310106128,0.119999997,18433,0.319999993,0,47.7064209
3198,0.077548467,0.018920166,0.310106128,0.119999997,18433,0.319999993,0,47.82608795
70580,0.268829703,0.100764103,0.238264114,0.109999999,21225,0.239999995,1,44.033741
70580,0.268829703,0.100764103,0.238264114,0.109999999,21225,0.239999995,1,38.88915634
70580,0.268829703,0.100764103,0.238264114,0.109999999,21225,0.239999995,1,21.9238205
70580,0.268829703,0.100764103,0.238264114,0.109999999,21225,0.239999995,0,23.82377815
5380,0.444795549,0.062633671,0.185151234,0.319999993,8342,0.639999986,1,58.59731293
5380,0.444795549,0.062633671,0.185151234,0.319999993,8342,0.639999986,1,49.50035858
5380,0.444795549,0.062633671,0.185151234,0.319999993,8342,0.639999986,1,46.59735489
5380,0.444795549,0.062633671,0.185151234,0.319999993,8342,0.639999986,1,52.89355469
1592,0.423994988,0.02889096,0.215284243,0.140000001,12055,0.400000006,1,64.82758331
1592,0.423994988,0.02889096,0.215284243,0.140000001,12055,0.400000006,1,67.00507355
1592,0.423994988,0.02889096,0.215284243,0.140000001,12055,0.400000006,1,61.46645737
1592,0.423994988,0.02889096,0.215284243,0.140000001,12055,0.400000006,1,50.72000122
1592,0.423994988,0.02889096,0.215284243,0.140000001,12055,0.400000006,1,55.03355789
1592,0.423994988,0.02889096,0.215284243,0.140000001,12055,0.400000006,1,55.70032501
1592,0.423994988,0.02889096,0.215284243,0.140000001,12055,0.400000006,1,50.76400757
7638,0.209478915,0.068525605,0.272462189,0.100000001,18980,0.219999999,1,38.2142868
7638,0.209478915,0.068525605,0.272462189,0.100000001,18980,0.219999999,1,43.29359055
7638,0.209478915,0.068525605,0.272462189,0.100000001,18980,0.219999999,1,38.06933975
4305,0.259233445,0.052969504,0.305296957,0.129999995,15102,0.319999993,1,52.17013931
4305,0.259233445,0.052969504,0.305296957,0.129999995,15102,0.319999993,1,53.81549072
4305,0.259233445,0.052969504,0.305296957,0.129999995,15102,0.319999993,1,48.38529968
4305,0.259233445,0.052969504,0.305296957,0.129999995,15102,0.319999993,1,52.41192245
825,0.25212121,0.025684932,0.366438359,0.150000006,15167,0.300000012,1,57.73584747
825,0.25212121,0.025684932,0.366438359,0.150000006,15167,0.300000012,1,61.7543869
825,0.25212121,0.025684932,0.366438359,0.150000006,15167,0.300000012,1,67.63754272
157,0.280254781,0.131147534,0.401639342,0.029999999,16875,0.25999999,0,65.51724243
130,0.261538476,0.089285716,0.3125,0.159999996,26250,0.150000006,0,44.73684311
999,0.048048049,0.071847506,0.360703826,0.079999998,21106,0.219999999,0,64.44444275
999,0.048048049,0.071847506,0.360703826,0.079999998,21106,0.219999999,0,34.14634323
999,0.048048049,0.071847506,0.360703826,0.079999998,21106,0.219999999,0,0
955,0,0.041116007,0.406754762,0.059999999,23812,0.159999996,0,72.91666412
955,0,0.041116007,0.406754762,0.059999999,23812,0.159999996,0,54.41176605
955,0,0.041116007,0.406754762,0.059999999,23812,0.159999996,0,9.94475174
2392,0.008361204,0.053412464,0.310979217,0.100000001,21717,0.180000007,0,25
2392,0.008361204,0.053412464,0.310979217,0.100000001,21717,0.180000007,0,8.333333015
2392,0.008361204,0.053412464,0.310979217,0.100000001,21717,0.180000007,0,18.18181801
2392,0.008361204,0.053412464,0.310979217,0.100000001,21717,0.180000007,0,20
1390,0.1410072,0.048681542,0.298174441,0.109999999,16386,0.230000004,0,60.3571434
1390,0.1410072,0.048681542,0.298174441,0.109999999,16386,0.230000004,0,44.38356018
298,0.496644288,0.029999999,0.275000006,0.180000007,9148,0.49000001,1,56.37583923
3937,0.331978679,0.04197349,0.317746699,0.050000001,22062,0.280000001,1,81.6552124
3937,0.331978679,0.04197349,0.317746699,0.050000001,22062,0.280000001,0,55.39031982
3937,0.331978679,0.04197349,0.317746699,0.050000001,22062,0.280000001,0,55.92592621
3937,0.331978679,0.04197349,0.317746699,0.050000001,22062,0.280000001,0,63.80879974
3937,0.331978679,0.04197349,0.317746699,0.050000001,22062,0.280000001,1,61.90817642
3937,0.331978679,0.04197349,0.317746699,0.050000001,22062,0.280000001,1,55.97484207
243,0.16460906,0.030120483,0.253012061,0,17625,0.300000012,0,60.7142868
243,0.16460906,0.030120483,0.253012061,0,17625,0.300000012,0,77.77777863
667,0.134932533,0.060483869,0.308467746,0.090000004,21750,0.219999999,0,65.45454407
3483,0.174849272,0.032258064,0.211071283,0.119999997,10812,0.379999995,0,73.66984558
3483,0.174849272,0.032258064,0.211071283,0.119999997,10812,0.379999995,0,48.95093155
3483,0.174849272,0.032258064,0.211071283,0.119999997,10812,0.379999995,0,62.05305481
3483,0.174849272,0.032258064,0.211071283,0.119999997,10812,0.379999995,0,58.7743721
3483,0.174849272,0.032258064,0.211071283,0.119999997,10812,0.379999995,0,59.27783203
3483,0.174849272,0.032258064,0.211071283,0.119999997,10812,0.379999995,0,57.305336
3483,0.174849272,0.032258064,0.211071283,0.119999997,10812,0.379999995,1,52.79720306
7083,0.044331498,0.197059423,0.22013478,0.050000001,33224,0.100000001,0,47.03382111
7083,0.044331498,0.197059423,0.22013478,0.050000001,33224,0.100000001,0,15.59454155
7083,0.044331498,0.197059423,0.22013478,0.050000001,33224,0.100000001,0,27.70270348
585,0.201709405,0.062052507,0.252983302,0.109999999,11111,0.400000006,0,22.1428566
5389,0.362219334,0.081032261,0.289806455,0.170000002,15334,0.330000013,1,60.61814499
5389,0.362219334,0.081032261,0.289806455,0.170000002,15334,0.330000013,1,49.02143478
1601,0.335415363,0.035906643,0.250448823,0.180000007,10446,0.439999998,1,74.71879578
1601,0.335415363,0.035906643,0.250448823,0.180000007,10446,0.439999998,1,47.66630173
1601,0.335415363,0.035906643,0.250448823,0.180000007,10446,0.439999998,1,53.2044754
1601,0.335415363,0.035906643,0.250448823,0.180000007,10446,0.439999998,1,48.73864746
1601,0.335415363,0.035906643,0.250448823,0.180000007,10446,0.439999998,1,43.54986191
3126,0.284708887,0.089737691,0.280257702,0.170000002,12151,0.439999998,0,37.48308563
3126,0.284708887,0.089737691,0.280257702,0.170000002,12151,0.439999998,1,40.3693924
1149,0.43342036,0.025974026,0.298701286,0.109999999,14205,0.360000014,1,81.89910889
1149,0.43342036,0.025974026,0.298701286,0.109999999,14205,0.360000014,1,75.57142639
1149,0.43342036,0.025974026,0.298701286,0.109999999,14205,0.360000014,1,70.20689392
1149,0.43342036,0.025974026,0.298701286,0.109999999,14205,0.360000014,1,72.91666412
746,0.261394113,0.073345259,0.314847946,0.059999999,15156,0.270000011,0,74.52830505
746,0.261394113,0.073345259,0.314847946,0.059999999,15156,0.270000011,0,54.34782791
746,0.261394113,0.073345259,0.314847946,0.059999999,15156,0.270000011,0,49.21259689
5526,0.212450236,0.043751638,0.238931105,0.200000003,11505,0.419999987,1,41.99865341
5526,0.212450236,0.043751638,0.238931105,0.200000003,11505,0.419999987,0,40.64171219
5526,0.212450236,0.043751638,0.238931105,0.200000003,11505,0.419999987,0,40.23779678
36671,0.271849692,0.030650726,0.307269514,0.119999997,22074,0.239999995,0,38.72549057
36671,0.271849692,0.030650726,0.307269514,0.119999997,22074,0.239999995,0,41.03773499
1562,0.279129326,0.03842549,0.313964397,0.170000002,10572,0.469999999,0,73.18910217
1562,0.279129326,0.03842549,0.313964397,0.170000002,10572,0.469999999,1,67.41279602
1562,0.279129326,0.03842549,0.313964397,0.170000002,10572,0.469999999,0,61.90476227
1562,0.279129326,0.03842549,0.313964397,0.170000002,10572,0.469999999,1,71.89409637
1562,0.279129326,0.03842549,0.313964397,0.170000002,10572,0.469999999,1,67.23809814
1562,0.279129326,0.03842549,0.313964397,0.170000002,10572,0.469999999,1,65.05376434
1562,0.279129326,0.03842549,0.313964397,0.170000002,10572,0.469999999,1,67.03704071
774,0.08139535,0.007619048,0.31238094,0.100000001,11531,0.389999986,0,68.75
774,0.08139535,0.007619048,0.31238094,0.100000001,11531,0.389999986,0,30.50847435
774,0.08139535,0.007619048,0.31238094,0.100000001,11531,0.389999986,0,27.86885262
774,0.08139535,0.007619048,0.31238094,0.100000001,11531,0.389999986,0,9.375
569,0.237258345,0.085714288,0.311904758,0.109999999,15714,0.289999992,0,59.872612
1235,0.091497973,0.025791325,0.356389225,0.129999995,13594,0.330000013,0,39.80582428
1235,0.091497973,0.025791325,0.356389225,0.129999995,13594,0.330000013,0,45.79439163
1235,0.091497973,0.025791325,0.356389225,0.129999995,13594,0.330000013,0,47.05882263
1235,0.091497973,0.025791325,0.356389225,0.129999995,13594,0.330000013,0,49.57983017
13661,0.326184034,0.08892069,0.278822571,0.150000006,15979,0.310000002,0,64.81064606
13661,0.326184034,0.08892069,0.278822571,0.150000006,15979,0.310000002,0,43.64069366
13661,0.326184034,0.08892069,0.278822571,0.150000006,15979,0.310000002,0,35.92760086
13661,0.326184034,0.08892069,0.278822571,0.150000006,15979,0.310000002,0,30.36065483
13661,0.326184034,0.08892069,0.278822571,0.150000006,15979,0.310000002,0,35.54126358
54909,0.327760488,0.117634699,0.176846087,0.119999997,16223,0.379999995,1,50.4463501
54909,0.327760488,0.117634699,0.176846087,0.119999997,16223,0.379999995,1,42.23757553
54909,0.327760488,0.117634699,0.176846087,0.119999997,16223,0.379999995,1,44.39519501
54909,0.327760488,0.117634699,0.176846087,0.119999997,16223,0.379999995,1,33.76313019
643,0.059097979,0.061876249,0.291417152,0.100000001,11510,0.349999994,0,52.79999924
643,0.059097979,0.061876249,0.291417152,0.100000001,11510,0.349999994,0,58.77862549
643,0.059097979,0.061876249,0.291417152,0.100000001,11510,0.349999994,0,40
643,0.059097979,0.061876249,0.291417152,0.100000001,11510,0.349999994,0,42.30769348
847,0.083825268,0.03960396,0.306930691,0.100000001,21625,0.180000007,0,57.59999847
847,0.083825268,0.03960396,0.306930691,0.100000001,21625,0.180000007,1,40.57971191
847,0.083825268,0.03960396,0.306930691,0.100000001,21625,0.180000007,0,27.77777863
847,0.083825268,0.03960396,0.306930691,0.100000001,21625,0.180000007,0,23.4375
905,0.190055251,0.063763611,0.259720057,0.059999999,13062,0.289999992,0,75.09578705
905,0.190055251,0.063763611,0.259720057,0.059999999,13062,0.289999992,0,56.48535538
905,0.190055251,0.063763611,0.259720057,0.059999999,13062,0.289999992,0,60.40816498
905,0.190055251,0.063763611,0.259720057,0.059999999,13062,0.289999992,0,68.46154022
14531,0.129722655,0.0750269,0.275555134,0.109999999,22664,0.239999995,0,48.52604675
14531,0.129722655,0.0750269,0.275555134,0.109999999,22664,0.239999995,0,63.43101501
14531,0.129722655,0.0750269,0.275555134,0.109999999,22664,0.239999995,0,85.25345612
14531,0.129722655,0.0750269,0.275555134,0.109999999,22664,0.239999995,0,44.24731064
14531,0.129722655,0.0750269,0.275555134,0.109999999,22664,0.239999995,0,27.71949196
774,0.1382429,0.043252595,0.42733565,0.059999999,19750,0.180000007,0,61.53845978
785,0,0.020676691,0.347744375,0.050000001,13929,0.280000001,0,0
785,0,0.020676691,0.347744375,0.050000001,13929,0.280000001,0,0
785,0,0.020676691,0.347744375,0.050000001,13929,0.280000001,0,0
785,0,0.020676691,0.347744375,0.050000001,13929,0.280000001,0,0
785,0,0.020676691,0.347744375,0.050000001,13929,0.280000001,0,50
802,0.370324194,0.101604275,0.183600709,0.180000007,16875,0.280000001,1,75.60137177
802,0.370324194,0.101604275,0.183600709,0.180000007,16875,0.280000001,1,75.98783875
802,0.370324194,0.101604275,0.183600709,0.180000007,16875,0.280000001,1,65.37585449
802,0.370324194,0.101604275,0.183600709,0.180000007,16875,0.280000001,1,58.22222137
802,0.370324194,0.101604275,0.183600709,0.180000007,16875,0.280000001,1,59.90990829
420,0.54285717,0,0.250996023,0.400000006,6560,0.699999988,1,51.91740417
420,0.54285717,0,0.250996023,0.400000006,6560,0.699999988,1,31.98992538
420,0.54285717,0,0.250996023,0.400000006,6560,0.699999988,1,44.29708099
420,0.54285717,0,0.250996023,0.400000006,6560,0.699999988,1,42.77929306
16609,0.308989108,0.089205079,0.174661323,0.150000006,14509,0.400000006,1,37.06239319
16609,0.308989108,0.089205079,0.174661323,0.150000006,14509,0.400000006,1,48.23871994
1576,0.389593899,0.064064063,0.320320308,0.129999995,10112,0.540000021,1,55.63583755
1576,0.389593899,0.064064063,0.320320308,0.129999995,10112,0.540000021,1,46.11186981
31828,0.200138241,0.059577402,0.280339926,0.129999995,18506,0.289999992,0,54.70766449
31828,0.200138241,0.059577402,0.280339926,0.129999995,18506,0.289999992,0,48.2441597
31828,0.200138241,0.059577402,0.280339926,0.129999995,18506,0.289999992,0,27.82183838
31828,0.200138241,0.059577402,0.280339926,0.129999995,18506,0.289999992,1,49.49773026
2791,0.196345389,0.06514658,0.296416938,0.079999998,23327,0.079999998,1,53.68234634
2791,0.196345389,0.06514658,0.296416938,0.079999998,23327,0.079999998,1,40.72164917
2791,0.196345389,0.06514658,0.296416938,0.079999998,23327,0.079999998,1,54.32372665
2791,0.196345389,0.06514658,0.296416938,0.079999998,23327,0.079999998,0,32.1428566
5303,0.388647944,0.065940052,0.27002725,0.119999997,14281,0.360000014,1,55.63079071
5303,0.388647944,0.065940052,0.27002725,0.119999997,14281,0.360000014,1,61.09380341
5303,0.388647944,0.065940052,0.27002725,0.119999997,14281,0.360000014,1,58.62275314
227,0,0.026666667,0.466666669,0,27500,0.159999996,0,100
227,0,0.026666667,0.466666669,0,27500,0.159999996,0,0
507,0.025641026,0.008450705,0.343661964,0.180000007,20774,0.230000004,0,18.75
507,0.025641026,0.008450705,0.343661964,0.180000007,20774,0.230000004,0,47.22222137
507,0.025641026,0.008450705,0.343661964,0.180000007,20774,0.230000004,0,42.22222137
507,0.025641026,0.008450705,0.343661964,0.180000007,20774,0.230000004,0,48.71794891
370,0.240540534,0.052401748,0.283842802,0.039999999,17361,0.340000004,0,50.84745789
6832,0.235070258,0.039079126,0.313213378,0.140000001,12477,0.379999995,1,66.91682434
6832,0.235070258,0.039079126,0.313213378,0.140000001,12477,0.379999995,0,64.87179565
6832,0.235070258,0.039079126,0.313213378,0.140000001,12477,0.379999995,0,54.09047318
6832,0.235070258,0.039079126,0.313213378,0.140000001,12477,0.379999995,1,60.99547577
2132,0.203095689,0.031942632,0.226206005,0.100000001,11067,0.360000014,0,45.3125
2132,0.203095689,0.031942632,0.226206005,0.100000001,11067,0.360000014,0,32.42630386
2132,0.203095689,0.031942632,0.226206005,0.100000001,11067,0.360000014,0,40
1808,0.240597352,0.031273838,0.273074001,0.109999999,12268,0.349999994,0,80.35351563
1808,0.240597352,0.031273838,0.273074001,0.109999999,12268,0.349999994,0,52.67816544
1808,0.240597352,0.031273838,0.273074001,0.109999999,12268,0.349999994,0,53.02114868
1808,0.240597352,0.031273838,0.273074001,0.109999999,12268,0.349999994,1,58.3582077
1808,0.240597352,0.031273838,0.273074001,0.109999999,12268,0.349999994,0,49.42196655
1290,0.193798453,0.020656137,0.30862698,0.180000007,10465,0.439999998,0,55.31914902
1290,0.193798453,0.020656137,0.30862698,0.180000007,10465,0.439999998,0,41.29353333
1290,0.193798453,0.020656137,0.30862698,0.180000007,10465,0.439999998,0,38.04878235
1410,0.009929078,0.060311284,0.311284035,0.109999999,20160,0.180000007,0,90
1410,0.009929078,0.060311284,0.311284035,0.109999999,20160,0.180000007,0,26.66666603
1410,0.009929078,0.060311284,0.311284035,0.109999999,20160,0.180000007,0,65.21739197
1410,0.009929078,0.060311284,0.311284035,0.109999999,20160,0.180000007,0,45.45454407
1410,0.009929078,0.060311284,0.311284035,0.109999999,20160,0.180000007,0,30
18151,0.38692084,0.073034607,0.233615056,0.189999998,11809,0.449999988,1,68.00325775
18151,0.38692084,0.073034607,0.233615056,0.189999998,11809,0.449999988,1,63.05683517
18151,0.38692084,0.073034607,0.233615056,0.189999998,11809,0.449999988,1,40.92391968
18151,0.38692084,0.073034607,0.233615056,0.189999998,11809,0.449999988,1,46.1252861
18151,0.38692084,0.073034607,0.233615056,0.189999998,11809,0.449999988,1,52.45169449
18151,0.38692084,0.073034607,0.233615056,0.189999998,11809,0.449999988,1,42.33311462
383,0.323759794,0.024911031,0.227758005,0.079999998,12000,0.300000012,0,83.49056244
383,0.323759794,0.024911031,0.227758005,0.079999998,12000,0.300000012,0,87.625
383,0.323759794,0.024911031,0.227758005,0.079999998,12000,0.300000012,1,53.2362442
383,0.323759794,0.024911031,0.227758005,0.079999998,12000,0.300000012,1,50.21097183
383,0.323759794,0.024911031,0.227758005,0.079999998,12000,0.300000012,1,50.59054947
4736,0.274282098,0.038165588,0.30409357,0.129999995,20813,0.289999992,1,45.35266876
4736,0.274282098,0.038165588,0.30409357,0.129999995,20813,0.289999992,1,53.06713104
1467,0.007498296,0.056297708,0.341603041,0.039999999,19925,0.239999995,1,0
1467,0.007498296,0.056297708,0.341603041,0.039999999,19925,0.239999995,0,10.98484802
705,0,0.038306452,0.219758064,0.119999997,14400,0.310000002,0,83.33333588
705,0,0.038306452,0.219758064,0.119999997,14400,0.310000002,0,100
705,0,0.038306452,0.219758064,0.119999997,14400,0.310000002,0,0
705,0,0.038306452,0.219758064,0.119999997,14400,0.310000002,0,0
705,0,0.038306452,0.219758064,0.119999997,14400,0.310000002,0,0
705,0,0.038306452,0.219758064,0.119999997,14400,0.310000002,0,75
12251,0.133621752,0.092907645,0.244365886,0.079999998,20321,0.209999993,0,25.05280495
12251,0.133621752,0.092907645,0.244365886,0.079999998,20321,0.209999993,0,33.03191376
12251,0.133621752,0.092907645,0.244365886,0.079999998,20321,0.209999993,1,29.76241875
12251,0.133621752,0.092907645,0.244365886,0.079999998,20321,0.209999993,1,27.44671631
103,0.223300964,0.032786883,0.229508191,0,15156,0.360000014,1,70
1074,0.216014892,0.08567775,0.300511509,0.170000002,14960,0.300000012,0,37.20930099
1074,0.216014892,0.08567775,0.300511509,0.170000002,14960,0.300000012,1,49.29077911
7186,0.287920952,0.069465943,0.262577385,0.079999998,19710,0.289999992,0,71.07070923
7186,0.287920952,0.069465943,0.262577385,0.079999998,19710,0.289999992,0,61.9028511
7186,0.287920952,0.069465943,0.262577385,0.079999998,19710,0.289999992,0,47.23418427
173,0,0.0390625,0.4609375,0.150000006,15417,0.180000007,0,100
173,0,0.0390625,0.4609375,0.150000006,15417,0.180000007,0,50
173,0,0.0390625,0.4609375,0.150000006,15417,0.180000007,0,100
824,0.260922343,0.050000001,0.341379315,0.180000007,9153,0.449999988,1,53.68421173
824,0.260922343,0.050000001,0.341379315,0.180000007,9153,0.449999988,1,62.30158615
824,0.260922343,0.050000001,0.341379315,0.180000007,9153,0.449999988,1,71.95571899
824,0.260922343,0.050000001,0.341379315,0.180000007,9153,0.449999988,1,66.53992462
345,0,0.094650209,0.242798358,0.129999995,12875,0.280000001,0,0
345,0,0.094650209,0.242798358,0.129999995,12875,0.280000001,0,0
345,0,0.094650209,0.242798358,0.129999995,12875,0.280000001,0,0
345,0,0.094650209,0.242798358,0.129999995,12875,0.280000001,0,100
345,0,0.094650209,0.242798358,0.129999995,12875,0.280000001,0,100
5425,0.235023037,0.06628941,0.28051737,0.170000002,12992,0.360000014,0,36.71854019
5425,0.235023037,0.06628941,0.28051737,0.170000002,12992,0.360000014,1,32.63433838
5425,0.235023037,0.06628941,0.28051737,0.170000002,12992,0.360000014,1,37.34500504
6277,0.350804538,0.0513895,0.287384212,0.100000001,21841,0.239999995,0,60.70425034
6277,0.350804538,0.0513895,0.287384212,0.100000001,21841,0.239999995,1,71.50899506
6277,0.350804538,0.0513895,0.287384212,0.100000001,21841,0.239999995,0,54.95093536
6277,0.350804538,0.0513895,0.287384212,0.100000001,21841,0.239999995,1,59.07617569
6277,0.350804538,0.0513895,0.287384212,0.100000001,21841,0.239999995,1,49.49494934
6277,0.350804538,0.0513895,0.287384212,0.100000001,21841,0.239999995,1,55.57344055
2102,0.160323501,0.019104084,0.305665344,0.119999997,15906,0.310000002,0,80.64796448
2102,0.160323501,0.019104084,0.305665344,0.119999997,15906,0.310000002,1,73.33583069
2102,0.160323501,0.019104084,0.305665344,0.119999997,15906,0.310000002,0,61.02040863
2102,0.160323501,0.019104084,0.305665344,0.119999997,15906,0.310000002,0,55.92515564
2102,0.160323501,0.019104084,0.305665344,0.119999997,15906,0.310000002,1,63.46154022
2102,0.160323501,0.019104084,0.305665344,0.119999997,15906,0.310000002,0,44.09282684
456,0,0.126074493,0.318051577,0.170000002,23864,0.119999997,0,100
456,0,0.126074493,0.318051577,0.170000002,23864,0.119999997,0,100
456,0,0.126074493,0.318051577,0.170000002,23864,0.119999997,0,0
456,0,0.126074493,0.318051577,0.170000002,23864,0.119999997,0,100
456,0,0.126074493,0.318051577,0.170000002,23864,0.119999997,0,50
159,0.540880501,0.017094018,0.188034192,0.150000006,5463,0.639999986,1,59.09090805
586,0,0.033412889,0.312649161,0.109999999,16833,0.349999994,0,0
586,0,0.033412889,0.312649161,0.109999999,16833,0.349999994,0,100
586,0,0.033412889,0.312649161,0.109999999,16833,0.349999994,0,100
586,0,0.033412889,0.312649161,0.109999999,16833,0.349999994,0,0
8502,0.197247714,0.050637271,0.28470549,0.150000006,12469,0.379999995,0,51.18575287
4411,0.389027417,0.043007113,0.207585514,0.200000003,10900,0.460000008,1,65.97485352
4411,0.389027417,0.043007113,0.207585514,0.200000003,10900,0.460000008,1,53.40710449
4411,0.389027417,0.043007113,0.207585514,0.200000003,10900,0.460000008,1,58.20132828
4411,0.389027417,0.043007113,0.207585514,0.200000003,10900,0.460000008,1,34.6428566
4411,0.389027417,0.043007113,0.207585514,0.200000003,10900,0.460000008,1,49.06323242
206,0,0.066265061,0.343373507,0.189999998,21875,0.209999993,0,25
206,0,0.066265061,0.343373507,0.189999998,21875,0.209999993,0,50
206,0,0.066265061,0.343373507,0.189999998,21875,0.209999993,0,0
452,0,0.077419356,0.329032272,0.07,24063,0.219999999,0,61.2090683
452,0,0.077419356,0.329032272,0.07,24063,0.219999999,0,0
452,0,0.077419356,0.329032272,0.07,24063,0.219999999,0,0
452,0,0.077419356,0.329032272,0.07,24063,0.219999999,0,0
1253,0.612928987,0.018162394,0.282051295,0.119999997,12727,0.430000007,1,36.73788834
1253,0.612928987,0.018162394,0.282051295,0.119999997,12727,0.430000007,1,29.22903061
1253,0.612928987,0.018162394,0.282051295,0.119999997,12727,0.430000007,1,24.53021812
1253,0.612928987,0.018162394,0.282051295,0.119999997,12727,0.430000007,1,42.72409821
1253,0.612928987,0.018162394,0.282051295,0.119999997,12727,0.430000007,1,42.97520828
1253,0.612928987,0.018162394,0.282051295,0.119999997,12727,0.430000007,1,35.35811234
772,0,0.026785715,0.348214298,0.090000004,23693,0.180000007,0,0
772,0,0.026785715,0.348214298,0.090000004,23693,0.180000007,0,33.33333206
772,0,0.026785715,0.348214298,0.090000004,23693,0.180000007,0,29.23077011
1885,0.334748,0.042438272,0.346450627,0.219999999,12375,0.460000008,0,55.67715454
1885,0.334748,0.042438272,0.346450627,0.219999999,12375,0.460000008,0,31.60919571
1885,0.334748,0.042438272,0.346450627,0.219999999,12375,0.460000008,0,50.70821381
1885,0.334748,0.042438272,0.346450627,0.219999999,12375,0.460000008,1,60.319767
1885,0.334748,0.042438272,0.346450627,0.219999999,12375,0.460000008,1,52.86343765
156,0.166666672,0.043859649,0.307017535,0.360000014,13929,0.280000001,0,100
156,0.166666672,0.043859649,0.307017535,0.360000014,13929,0.280000001,1,84.21052551
156,0.166666672,0.043859649,0.307017535,0.360000014,13929,0.280000001,0,25.73099327
299,0.046822742,0.013824885,0.336405516,0.100000001,15250,0.289999992,0,39.70588303
299,0.046822742,0.013824885,0.336405516,0.100000001,15250,0.289999992,0,66.66666412
299,0.046822742,0.013824885,0.336405516,0.100000001,15250,0.289999992,0,71.42857361
299,0.046822742,0.013824885,0.336405516,0.100000001,15250,0.289999992,1,47.82608795
299,0.046822742,0.013824885,0.336405516,0.100000001,15250,0.289999992,0,46.66666794
299,0.046822742,0.013824885,0.336405516,0.100000001,15250,0.289999992,0,38.70967865
299,0.046822742,0.013824885,0.336405516,0.100000001,15250,0.289999992,0,32.5581398
862,0.307424605,0.077757686,0.321880639,0.150000006,18512,0.310000002,0,77.8625946
862,0.307424605,0.077757686,0.321880639,0.150000006,18512,0.310000002,0,71.70542908
1093,0.376029283,0.020491803,0.27868852,0.129999995,10625,0.479999989,0,67.98107147
1093,0.376029283,0.020491803,0.27868852,0.129999995,10625,0.479999989,0,69.35507202
1093,0.376029283,0.020491803,0.27868852,0.129999995,10625,0.479999989,1,67.11711884
1093,0.376029283,0.020491803,0.27868852,0.129999995,10625,0.479999989,0,61.83908081
1093,0.376029283,0.020491803,0.27868852,0.129999995,10625,0.479999989,0,47.58771896
1138,0.023725836,0.131167263,0.283995181,0.079999998,24663,0.180000007,0,28
1138,0.023725836,0.131167263,0.283995181,0.079999998,24663,0.180000007,0,21.21212196
1138,0.023725836,0.131167263,0.283995181,0.079999998,24663,0.180000007,0,12.82051277
20027,0.244519904,0.107241817,0.111712843,0.109999999,17826,0.300000012,0,58.52549362
20027,0.244519904,0.107241817,0.111712843,0.109999999,17826,0.300000012,0,29.06810188
20027,0.244519904,0.107241817,0.111712843,0.109999999,17826,0.300000012,0,31.33036613
20027,0.244519904,0.107241817,0.111712843,0.109999999,17826,0.300000012,0,35.26859665
20027,0.244519904,0.107241817,0.111712843,0.109999999,17826,0.300000012,0,20.39934349
1517,0.396176666,0.059365403,0.274309099,0.170000002,10495,0.5,1,64.33627319
1517,0.396176666,0.059365403,0.274309099,0.170000002,10495,0.5,1,59.83493805
1517,0.396176666,0.059365403,0.274309099,0.170000002,10495,0.5,1,60.64102554
1517,0.396176666,0.059365403,0.274309099,0.170000002,10495,0.5,1,52.48407745
1517,0.396176666,0.059365403,0.274309099,0.170000002,10495,0.5,1,61.68341827
7137,0.386997342,0.046727091,0.244108766,0.159999996,15026,0.370000005,1,71.73538208
7137,0.386997342,0.046727091,0.244108766,0.159999996,15026,0.370000005,1,67.28964233
7137,0.386997342,0.046727091,0.244108766,0.159999996,15026,0.370000005,1,50.7833786
7137,0.386997342,0.046727091,0.244108766,0.159999996,15026,0.370000005,1,54.52397156
7137,0.386997342,0.046727091,0.244108766,0.159999996,15026,0.370000005,1,47.87123489
7137,0.386997342,0.046727091,0.244108766,0.159999996,15026,0.370000005,1,30.14209175
287,0.177700356,0.048076924,0.307692319,0.109999999,14531,0.360000014,0,60.86956406
287,0.177700356,0.048076924,0.307692319,0.109999999,14531,0.360000014,0,63.4146347
840,0,0.038897894,0.353322536,0.100000001,21023,0.140000001,0,0
840,0,0.038897894,0.353322536,0.100000001,21023,0.140000001,0,50
840,0,0.038897894,0.353322536,0.100000001,21023,0.140000001,0,0
840,0,0.038897894,0.353322536,0.100000001,21023,0.140000001,0,100
4912,0.071254075,0.097090259,0.306116402,0.050000001,24556,0.189999998,0,52.5775795
4912,0.071254075,0.097090259,0.306116402,0.050000001,24556,0.189999998,0,40.41366577
4912,0.071254075,0.097090259,0.306116402,0.050000001,24556,0.189999998,0,19.94535446
4912,0.071254075,0.097090259,0.306116402,0.050000001,24556,0.189999998,0,11.89792633
4912,0.071254075,0.097090259,0.306116402,0.050000001,24556,0.189999998,1,12.15004063
198528,0.282020658,0.11311534,0.255727708,0.109999999,22079,0.25,1,62.77735519
198528,0.282020658,0.11311534,0.255727708,0.109999999,22079,0.25,1,48.91071701
198528,0.282020658,0.11311534,0.255727708,0.109999999,22079,0.25,1,30.40349388
198528,0.282020658,0.11311534,0.255727708,0.109999999,22079,0.25,0,33.09848022
198528,0.282020658,0.11311534,0.255727708,0.109999999,22079,0.25,1,37.56685257
198528,0.282020658,0.11311534,0.255727708,0.109999999,22079,0.25,1,26.41340065
1021,0.127326146,0.044,0.35466668,0.100000001,21875,0.150000006,0,75.42372894
1021,0.127326146,0.044,0.35466668,0.100000001,21875,0.150000006,0,59.8290596
1021,0.127326146,0.044,0.35466668,0.100000001,21875,0.150000006,0,45
1021,0.127326146,0.044,0.35466668,0.100000001,21875,0.150000006,0,54.19355011
420,0.278571427,0.109965637,0.274914086,0.159999996,11765,0.49000001,1,83.19999695
420,0.278571427,0.109965637,0.274914086,0.159999996,11765,0.49000001,0,62.890625
420,0.278571427,0.109965637,0.274914086,0.159999996,11765,0.49000001,1,64.53900909
420,0.278571427,0.109965637,0.274914086,0.159999996,11765,0.49000001,1,22.72727203
420,0.278571427,0.109965637,0.274914086,0.159999996,11765,0.49000001,1,61.13074112
128,0,0.06185567,0.268041223,0.02,18281,0.059999999,0,11.11111069
128,0,0.06185567,0.268041223,0.02,18281,0.059999999,0,0
2092,0.236137673,0.040425532,0.268794328,0.189999998,10647,0.449999988,1,64.21226501
2092,0.236137673,0.040425532,0.268794328,0.189999998,10647,0.449999988,0,62.79265594
2092,0.236137673,0.040425532,0.268794328,0.189999998,10647,0.449999988,0,44.87895584
2092,0.236137673,0.040425532,0.268794328,0.189999998,10647,0.449999988,0,40.08438873
2092,0.236137673,0.040425532,0.268794328,0.189999998,10647,0.449999988,0,39.73799133
529,0.003780718,0.061497327,0.259358287,0.119999997,25441,0.129999995,0,100
529,0.003780718,0.061497327,0.259358287,0.119999997,25441,0.129999995,0,100
629,0.092209853,0.056206089,0.276346594,0.090000004,17981,0.219999999,0,18.05555534
629,0.092209853,0.056206089,0.276346594,0.090000004,17981,0.219999999,0,32.5
629,0.092209853,0.056206089,0.276346594,0.090000004,17981,0.219999999,1,21.1764698
629,0.092209853,0.056206089,0.276346594,0.090000004,17981,0.219999999,1,30.55555534
794,0.017632242,0.063432835,0.37873134,0.109999999,30000,0.100000001,0,80
794,0.017632242,0.063432835,0.37873134,0.109999999,30000,0.100000001,0,71.42857361
794,0.017632242,0.063432835,0.37873134,0.109999999,30000,0.100000001,0,27.77777863
24124,0.066821426,0.146581888,0.252099872,0.050000001,34492,0.100000001,0,16.22320175
24124,0.066821426,0.146581888,0.252099872,0.050000001,34492,0.100000001,0,11.81540203
24124,0.066821426,0.146581888,0.252099872,0.050000001,34492,0.100000001,0,17.2142849
24124,0.066821426,0.146581888,0.252099872,0.050000001,34492,0.100000001,0,20.13108635
24124,0.066821426,0.146581888,0.252099872,0.050000001,34492,0.100000001,0,19.02542305
1119,0.107238606,0.02345679,0.32962963,0.090000004,22083,0.200000003,0,64.05228424
1119,0.107238606,0.02345679,0.32962963,0.090000004,22083,0.200000003,0,62.23776245
1119,0.107238606,0.02345679,0.32962963,0.090000004,22083,0.200000003,0,54.24836731
1119,0.107238606,0.02345679,0.32962963,0.090000004,22083,0.200000003,0,45.32374191
1119,0.107238606,0.02345679,0.32962963,0.090000004,22083,0.200000003,1,38.2550354
1119,0.107238606,0.02345679,0.32962963,0.090000004,22083,0.200000003,1,38.21656036
417,0.414868116,0.013651877,0.296928316,0.230000004,8681,0.460000008,1,67.92453003
417,0.414868116,0.013651877,0.296928316,0.230000004,8681,0.460000008,1,53.08641815
417,0.414868116,0.013651877,0.296928316,0.230000004,8681,0.460000008,1,41.04046249
417,0.414868116,0.013651877,0.296928316,0.230000004,8681,0.460000008,1,40
417,0.414868116,0.013651877,0.296928316,0.230000004,8681,0.460000008,1,58.86075974
135,0.022222223,0.118181817,0.409090906,0.039999999,19792,0.200000003,0,38.46154022
471,0.023354564,0.070588239,0.349999994,0.109999999,22875,0.180000007,0,57.1428566
5668,0.131263226,0.064922936,0.277440459,0.079999998,19110,0.200000003,0,13.44720554
5668,0.131263226,0.064922936,0.277440459,0.079999998,19110,0.200000003,0,44.01913834
5668,0.131263226,0.064922936,0.277440459,0.079999998,19110,0.200000003,0,32.86290359
5668,0.131263226,0.064922936,0.277440459,0.079999998,19110,0.200000003,1,33.79597473
1140,0.068421051,0.067688376,0.360153258,0.07,21739,0.180000007,0,50
1140,0.068421051,0.067688376,0.360153258,0.07,21739,0.180000007,0,29.41176414
1140,0.068421051,0.067688376,0.360153258,0.07,21739,0.180000007,0,14.28571415
1140,0.068421051,0.067688376,0.360153258,0.07,21739,0.180000007,0,19.10112381
1140,0.068421051,0.067688376,0.360153258,0.07,21739,0.180000007,0,33.98058319
1140,0.068421051,0.067688376,0.360153258,0.07,21739,0.180000007,0,25.37313461
1266,0.067140602,0.057860263,0.351528376,0.090000004,26645,0.159999996,0,18.36734772
1266,0.067140602,0.057860263,0.351528376,0.090000004,26645,0.159999996,0,19.04761887
20125,0.026186336,0.10813088,0.312807202,0.07,29169,0.119999997,0,21.44772148
20125,0.026186336,0.10813088,0.312807202,0.07,29169,0.119999997,0,21.53110123
20125,0.026186336,0.10813088,0.312807202,0.07,29169,0.119999997,0,12.88461494
20125,0.026186336,0.10813088,0.312807202,0.07,29169,0.119999997,0,14.800313
410,0.134146348,0.051779937,0.310679615,0.189999998,12019,0.25,0,62.16216278
410,0.134146348,0.051779937,0.310679615,0.189999998,12019,0.25,0,66.66666412
410,0.134146348,0.051779937,0.310679615,0.189999998,12019,0.25,0,45.7142868
2201,0.323034972,0.071823202,0.267265201,0.150000006,11655,0.460000008,0,69.34529114
2201,0.323034972,0.071823202,0.267265201,0.150000006,11655,0.460000008,1,64.98194885
2201,0.323034972,0.071823202,0.267265201,0.150000006,11655,0.460000008,0,59.42350388
2201,0.323034972,0.071823202,0.267265201,0.150000006,11655,0.460000008,0,59.5882988
2201,0.323034972,0.071823202,0.267265201,0.150000006,11655,0.460000008,0,50.3634491
8521,0.429879129,0.053266518,0.233667403,0.200000003,11045,0.519999981,1,39.56754684
8521,0.429879129,0.053266518,0.233667403,0.200000003,11045,0.519999981,1,43.59449387
8521,0.429879129,0.053266518,0.233667403,0.200000003,11045,0.519999981,1,51.26307678
8521,0.429879129,0.053266518,0.233667403,0.200000003,11045,0.519999981,1,48.60009384
8521,0.429879129,0.053266518,0.233667403,0.200000003,11045,0.519999981,1,49.62533188
571,0.483362526,0.018372703,0.257217854,0.189999998,8379,0.579999983,1,60.92715073
571,0.483362526,0.018372703,0.257217854,0.189999998,8379,0.579999983,1,59.8837204
571,0.483362526,0.018372703,0.257217854,0.189999998,8379,0.579999983,1,60.10638428
571,0.483362526,0.018372703,0.257217854,0.189999998,8379,0.579999983,1,62.05356979
14035,0.19337371,0.081935793,0.189841881,0.090000004,16926,0.340000004,1,64.91386414
14035,0.19337371,0.081935793,0.189841881,0.090000004,16926,0.340000004,1,49.59354019
14035,0.19337371,0.081935793,0.189841881,0.090000004,16926,0.340000004,1,43.05324554
14035,0.19337371,0.081935793,0.189841881,0.090000004,16926,0.340000004,0,42.83185959
14035,0.19337371,0.081935793,0.189841881,0.090000004,16926,0.340000004,1,36.26657867
14035,0.19337371,0.081935793,0.189841881,0.090000004,16926,0.340000004,0,37.2455101
546,0.060439561,0.051912569,0.314207643,0.119999997,18155,0.280000001,0,64.30851746
546,0.060439561,0.051912569,0.314207643,0.119999997,18155,0.280000001,0,49.23077011
546,0.060439561,0.051912569,0.314207643,0.119999997,18155,0.280000001,0,23.63636398
546,0.060439561,0.051912569,0.314207643,0.119999997,18155,0.280000001,0,25.7142849
546,0.060439561,0.051912569,0.314207643,0.119999997,18155,0.280000001,0,27.27272797
413,0.026634382,0.036065575,0.406557381,0.100000001,16406,0.150000006,0,36.36363602
413,0.026634382,0.036065575,0.406557381,0.100000001,16406,0.150000006,0,50
413,0.026634382,0.036065575,0.406557381,0.100000001,16406,0.150000006,0,19.14893532
285,0,0.004716981,0.28773585,0.050000001,18000,0.230000004,0,0
285,0,0.004716981,0.28773585,0.050000001,18000,0.230000004,0,0
285,0,0.004716981,0.28773585,0.050000001,18000,0.230000004,0,0
796,0,0.035778176,0.302325577,0.090000004,18304,0.209999993,0,0
796,0,0.035778176,0.302325577,0.090000004,18304,0.209999993,0,0
258,0,0.052910052,0.375661373,0.01,17500,0.209999993,0,24.94061852
258,0,0.052910052,0.375661373,0.01,17500,0.209999993,0,70.58823395
258,0,0.052910052,0.375661373,0.01,17500,0.209999993,0,44.44444275
4953,0.197254196,0.07277856,0.292806774,0.109999999,24987,0.129999995,0,38.71053696
8969,0.288326472,0.063449785,0.187372714,0.189999998,9719,0.479999989,1,56.97610855
8969,0.288326472,0.063449785,0.187372714,0.189999998,9719,0.479999989,1,64.38720703
8969,0.288326472,0.063449785,0.187372714,0.189999998,9719,0.479999989,1,67.96277618
8969,0.288326472,0.063449785,0.187372714,0.189999998,9719,0.479999989,0,57.92383194
8969,0.288326472,0.063449785,0.187372714,0.189999998,9719,0.479999989,1,52.00974274
8969,0.288326472,0.063449785,0.187372714,0.189999998,9719,0.479999989,1,56.89149475
3154,0.120798983,0.026232474,0.346901864,0.079999998,21373,0.239999995,0,72.68308258
3154,0.120798983,0.026232474,0.346901864,0.079999998,21373,0.239999995,0,52.26666641
3154,0.120798983,0.026232474,0.346901864,0.079999998,21373,0.239999995,1,54.13711548
3154,0.120798983,0.026232474,0.346901864,0.079999998,21373,0.239999995,1,50.55679321
3154,0.120798983,0.026232474,0.346901864,0.079999998,21373,0.239999995,0,35.45454407
4156,0.141722813,0.058662094,0.303259015,0.090000004,13654,0.330000013,1,58.43304825
4156,0.141722813,0.058662094,0.303259015,0.090000004,13654,0.330000013,0,27.87243652
4156,0.141722813,0.058662094,0.303259015,0.090000004,13654,0.330000013,0,45.703125
4156,0.141722813,0.058662094,0.303259015,0.090000004,13654,0.330000013,0,40.70796585
4156,0.141722813,0.058662094,0.303259015,0.090000004,13654,0.330000013,0,43.772892
4156,0.141722813,0.058662094,0.303259015,0.090000004,13654,0.330000013,0,30.48387146
4156,0.141722813,0.058662094,0.303259015,0.090000004,13654,0.330000013,0,47.87379837
3727,0.086933188,0.055093143,0.331747919,0.07,22204,0.189999998,0,46.33027649
1253,0.337589771,0.067285381,0.277262181,0.209999993,10772,0.49000001,0,86.50251007
1253,0.337589771,0.067285381,0.277262181,0.209999993,10772,0.49000001,0,85.20378876
1253,0.337589771,0.067285381,0.277262181,0.209999993,10772,0.49000001,1,65.79439545
1253,0.337589771,0.067285381,0.277262181,0.209999993,10772,0.49000001,1,69.68503571
1253,0.337589771,0.067285381,0.277262181,0.209999993,10772,0.49000001,1,59.45946121
1080,0.530555546,0.046961326,0.238950282,0.209999993,7291,0.639999986,1,56.81474304
1080,0.530555546,0.046961326,0.238950282,0.209999993,7291,0.639999986,1,53.91156387
1080,0.530555546,0.046961326,0.238950282,0.209999993,7291,0.639999986,1,47.87600327
1080,0.530555546,0.046961326,0.238950282,0.209999993,7291,0.639999986,1,27.26081276
3299,0.151561081,0.05562973,0.302625716,0.150000006,17401,0.239999995,1,51.28323364
3299,0.151561081,0.05562973,0.302625716,0.150000006,17401,0.239999995,0,40.28641891
3299,0.151561081,0.05562973,0.302625716,0.150000006,17401,0.239999995,0,54.8837204
3299,0.151561081,0.05562973,0.302625716,0.150000006,17401,0.239999995,0,38.13559341
3299,0.151561081,0.05562973,0.302625716,0.150000006,17401,0.239999995,0,47.84482574
5007,0.086079486,0.041303083,0.367364734,0.079999998,24277,0.189999998,0,52.98180008
5007,0.086079486,0.041303083,0.367364734,0.079999998,24277,0.189999998,0,38.36206818
5007,0.086079486,0.041303083,0.367364734,0.079999998,24277,0.189999998,1,31.53013992
5007,0.086079486,0.041303083,0.367364734,0.079999998,24277,0.189999998,0,29.46564865
11218,0.09047959,0.026573947,0.306717992,0.079999998,18095,0.239999995,0,39.58907318
11218,0.09047959,0.026573947,0.306717992,0.079999998,18095,0.239999995,0,45.24089432
11218,0.09047959,0.026573947,0.306717992,0.079999998,18095,0.239999995,1,29.42162704
11218,0.09047959,0.026573947,0.306717992,0.079999998,18095,0.239999995,0,22.70091057
2102,0.383444339,0.053921569,0.300420165,0.159999996,15056,0.419999987,1,85.09615326
2102,0.383444339,0.053921569,0.300420165,0.159999996,15056,0.419999987,1,60.1505394
2102,0.383444339,0.053921569,0.300420165,0.159999996,15056,0.419999987,1,80.78018951
2102,0.383444339,0.053921569,0.300420165,0.159999996,15056,0.419999987,1,67.20532227
2102,0.383444339,0.053921569,0.300420165,0.159999996,15056,0.419999987,1,63.84129715
2102,0.383444339,0.053921569,0.300420165,0.159999996,15056,0.419999987,1,68.83759308
687,0.443959236,0.07333333,0.340000004,0.129999995,15781,0.379999995,1,55.18843842
687,0.443959236,0.07333333,0.340000004,0.129999995,15781,0.379999995,1,50.17301178
687,0.443959236,0.07333333,0.340000004,0.129999995,15781,0.379999995,1,46.07843018
687,0.443959236,0.07333333,0.340000004,0.129999995,15781,0.379999995,1,53.75
687,0.443959236,0.07333333,0.340000004,0.129999995,15781,0.379999995,1,60
6138,0.300749421,0.049759228,0.282733321,0.129999995,13151,0.370000005,0,51.46228409
6138,0.300749421,0.049759228,0.282733321,0.129999995,13151,0.370000005,1,44.28263092
6138,0.300749421,0.049759228,0.282733321,0.129999995,13151,0.370000005,1,52.04678345
6138,0.300749421,0.049759228,0.282733321,0.129999995,13151,0.370000005,1,52.70198059
5755,0.282710701,0.081532925,0.226337448,0.119999997,13481,0.430000007,0,54.34724808
5755,0.282710701,0.081532925,0.226337448,0.119999997,13481,0.430000007,0,39.22652054
5755,0.282710701,0.081532925,0.226337448,0.119999997,13481,0.430000007,1,51.26213455
5755,0.282710701,0.081532925,0.226337448,0.119999997,13481,0.430000007,0,52.88975143
5755,0.282710701,0.081532925,0.226337448,0.119999997,13481,0.430000007,1,50.81967163
1148,0.235191643,0.066822976,0.22626026,0.109999999,12552,0.409999996,0,59.72222137
1148,0.235191643,0.066822976,0.22626026,0.109999999,12552,0.409999996,0,43.56468964
1148,0.235191643,0.066822976,0.22626026,0.109999999,12552,0.409999996,0,33.20000076
1148,0.235191643,0.066822976,0.22626026,0.109999999,12552,0.409999996,0,25.80071259
1148,0.235191643,0.066822976,0.22626026,0.109999999,12552,0.409999996,0,25.61669922
787,0.038119443,0.044145875,0.353166997,0.029999999,20568,0.159999996,0,63.07692337
787,0.038119443,0.044145875,0.353166997,0.029999999,20568,0.159999996,0,61.22449112
787,0.038119443,0.044145875,0.353166997,0.029999999,20568,0.159999996,0,40.57971191
1195,0.100418411,0.121527776,0.285879642,0.140000001,16204,0.270000011,0,50.32258224
1195,0.100418411,0.121527776,0.285879642,0.140000001,16204,0.270000011,0,34.14634323
1195,0.100418411,0.121527776,0.285879642,0.140000001,16204,0.270000011,0,23.93906403
9036,0.174524128,0.131261364,0.303851873,0.07,32625,0.119999997,0,52.60073853
9036,0.174524128,0.131261364,0.303851873,0.07,32625,0.119999997,0,40.56366348
9036,0.174524128,0.131261364,0.303851873,0.07,32625,0.119999997,0,29.42083168
9036,0.174524128,0.131261364,0.303851873,0.07,32625,0.119999997,0,32.09663391
1765,0.21359773,0.02714536,0.353765339,0.170000002,13000,0.409999996,0,38.15789413
1765,0.21359773,0.02714536,0.353765339,0.170000002,13000,0.409999996,0,68.8553772
1765,0.21359773,0.02714536,0.353765339,0.170000002,13000,0.409999996,0,62.17712021
1765,0.21359773,0.02714536,0.353765339,0.170000002,13000,0.409999996,1,55.57769012
1765,0.21359773,0.02714536,0.353765339,0.170000002,13000,0.409999996,1,57.84313583